"source","target","type"
"Aaron Copland","April Gornik",1
"Aaron Copland","Brandon Stirling Baker",3
"Aaron Copland","Harriet Jung",1
"Aaron Copland","Holly Hynes",3
"Aaron Copland","James Stewart Morcom",3
"Aaron Copland","Jean Rosenthal",1
"Aaron Copland","Jennifer Tipton",1
"Aaron Copland","John Braden",3
"Aaron Copland","Justin Peck",3
"Aaron Copland","Mark Stanley",3
"Aaron Copland","Mary Jane Marcasiano",1
"Aaron Copland","Reid Bartelme",3
"Ake Parmerud","Herve-Pierre",3
"Ake Parmerud","Mark Stanley",3
"Ake Parmerud","Maya Schweizer",1
"Alain Vaes","Alain Vaes",3
"Alain Vaës","Alain Vaës",3
"Alain Vaës","Carolina Herrera",1
"Alban Berg","Dain Marcus",3
"Alban Berg","David Mitchell",3
"Alban Berg","Jennifer Tipton",1
"Albert Evans","Carole Divet",1
"Albert Evans","John Cage",3
"Albert Evans","Mark Stanley",3
"Albert Evans","Mathew Fuerst",3
"Alberto Ginastera","Carlos Campos",3
"Alberto Ginastera","Mark Stanley",3
"Alberto Ginastera","Santiago Calatrava",3
"Alexander Glazounov","David Hays",3
"Alexander Glazounov","Esteban Francés",3
"Alexander Glazounov","Horace Armistead",3
"Alexander Glazounov","Jean Rosenthal",1
"Alexander Glazounov","Karinska",1
"Alexander Glazounov","Mark Stanley",3
"Alexander Glazounov","Ronald Bates",3
"Alexander Glazounov","Rouben Ter-Arutunian",3
"Alexandra Danilova","Frédéric Chopin",1
"Alexandra Danilova","Karinska",2
"Alexandra Danilova","Léo Delibes",1
"Alexandra Danilova","Mark Stanley",1
"Alexandra Danilova","Michael Fokine",1
"Alexandra Danilova","Ronald Bates",1
"Alexandra Danilova","Rouben Ter-Arutunian",1
"Alexandre Proia","Holly Hynes",3
"Alexandre Proia","Kamran Ince",3
"Alexandre Proia","Mark Stanley",3
"Alexandre Proia","Terry Riley",3
"Alexei Ratmansky","Adeline Andre",1
"Alexei Ratmansky","Antonio Vivaldi",3
"Alexei Ratmansky","Dmitri Shostakovich",3
"Alexei Ratmansky","Édouard Lalo",3
"Alexei Ratmansky","Galina Solovyeva",1
"Alexei Ratmansky","Harriet Jung",1
"Alexei Ratmansky","Holly Hynes",3
"Alexei Ratmansky","Keso Dekker",3
"Alexei Ratmansky","Leonid Desyatnikov",3
"Alexei Ratmansky","Marc Happel",3
"Alexei Ratmansky","Mark Stanley",3
"Alexei Ratmansky","Modest Mussorgsky",3
"Alexei Ratmansky","Penny Jacobus",1
"Alexei Ratmansky","Reid Bartelme",3
"Alexei Ratmansky","Rustam Khamdamov",3
"Alexei Ratmansky","Yury Khanon",1
"Alexey Miroshnichenko","Rodion Shchedrin",3
"Alexis Roland-Manuel","Esteban Francés",3
"Alexis Roland-Manuel","Germaine Tailleferre",1
"Alexis Roland-Manuel","Henri Sauguet",3
"Alexis Roland-Manuel","Peter Harvey",3
"Alice Halicka","Alice Halicka",2
"Aline Bernstein","Aline Bernstein",2
"Aline Bernstein","Kermit Love",1
"Allen Lee Hughes","Eliot Feld",3
"Allen Lee Hughes","Willa Kim",1
"Alvin Colt","Alvin Colt",3
"Alvin Colt","Jean Rosenthal",1
"André Bauchant","André Bauchant",3
"André Derain","André Derain",3
"André Levasseur","Esteban Francés",3
"André Levasseur","Felix Labisse",3
"André Messager","Ben Benson",3
"André Messager","Ronald Bates",3
"André Previn","Joseph Altuzarra",3
"André Previn","Leonard Bernstein",3
"André Previn","Penny Jacobus",1
"Andrezej Panufnik","Barbara Matera",1
"Andrezej Panufnik","Mark Stanley",3
"Angela Kostritzky","Josef Sudek",1
"Angela Kostritzky","Mark Mongold",1
"Angelin Preljocaj","Ake Parmerud",1
"Angelin Preljocaj","Antonio Vivaldi",1
"Angelin Preljocaj","Evelyn Ficarra",2
"Angelin Preljocaj","Herve-Pierre",1
"Angelin Preljocaj","John Cage",1
"Angelin Preljocaj","Mark Stanley",1
"Angelin Preljocaj","Maya Schweizer",2
"Angelin Preljocaj","Olivier Theyskens",1
"Angelin Preljocaj","Robert Normandeau",1
"Angelin Preljocaj","Serge Morand",1
"Anna Laerkesen","Johannes Brahms",1
"Annabelle Lopez Ochoa","Edward Elgar",1
"Annabelle Lopez Ochoa","Luigi Boccherini",1
"Annabelle Lopez Ochoa","Mark Stanley",1
"Annabelle Lopez Ochoa","Peteris Vasks",1
"Annabelle Lopez Ochoa","Rosie Assoulin",2
"Anton von Webern","David Hays",3
"Anton von Webern","Karinska",1
"Anton von Webern","Mark Stanley",3
"Antonín Dvořák","Angela Kostritzky",1
"Antonín Dvořák","Gareth Pugh",3
"Antonín Dvořák","Holly Hynes",3
"Antonín Dvořák","Josef Sudek",3
"Antonín Dvořák","Mark Mongold",3
"Antonín Dvořák","Mark Stanley",3
"Antonio Vivaldi","Ake Parmerud",3
"Antonio Vivaldi","Arcangelo Corelli",3
"Antonio Vivaldi","Evelyn Ficarra",1
"Antonio Vivaldi","Harriet Jung",1
"Antonio Vivaldi","Herve-Pierre",3
"Antonio Vivaldi","Holly Hynes",3
"Antonio Vivaldi","Horace Armistead",3
"Antonio Vivaldi","John Braden",3
"Antonio Vivaldi","Mark Stanley",3
"Antonio Vivaldi","Maya Schweizer",1
"Antonio Vivaldi","Nananne Porcher",1
"Antonio Vivaldi","Penny Jacobus",1
"Antonio Vivaldi","Reid Bartelme",3
"Antonio Vivaldi","Robert Normandeau",3
"Antonio Vivaldi","Ronald Bates",3
"Antonio Vivaldi","Serge Morand",3
"Antony Tudor","Aaron Copland",3
"Antony Tudor","Cecil Beaton",3
"Antony Tudor","Ernest Chausson",3
"Antony Tudor","Gaston Longchamp",3
"Antony Tudor","Giuseppe Verdi",3
"Antony Tudor","James Stewart Morcom",3
"Antony Tudor","Jean Rosenthal",1
"Antony Tudor","Ludwig van Beethoven",3
"Antony Tudor","Richard Strauss",3
"Antony Tudor","Robert Fletcher",3
"Arcangelo Corelli","Nananne Porcher",1
"Arnold Schoenberg","Charles Wuorinen",3
"Arnold Schoenberg","Esteban Francés",3
"Arnold Schoenberg","Holly Hynes",3
"Arnold Schoenberg","Jean Rosenthal",1
"Arnold Schoenberg","Mark Stanley",3
"Arthur Honnegger","Alexis Roland-Manuel",3
"Arthur Honnegger","Daniel Lesur",3
"Arthur Honnegger","Esteban Francés",3
"Arthur Honnegger","Germaine Tailleferre",1
"Arthur Honnegger","Henri Sauguet",3
"Arthur Honnegger","Peter Harvey",3
"Arthur Mitchell","Rolf Lieberman",3
"Arthur Mitchell","Ronald Bates",3
"Arvo Pärt","Holly Hynes",3
"Arvo Pärt","Mark Stanley",3
"Astor Piazzolla","Holly Hynes",3
"Astor Piazzolla","Mark Stanley",3
"August Bournonville","Alain Vaes",3
"August Bournonville","Ben Benson",3
"August Bournonville","Edvard Helsted",3
"August Bournonville","Herman Severin Løvenskjold",3
"August Bournonville","Holger Simon Paulli",3
"August Bournonville","Mark Stanley",3
"August Bournonville","Ronald Bates",3
"August Bournonville","Susan Tammany",1
"Barbara Matera","Cara Perlman",2
"Barbara Matera","Holly Hynes",1
"Barbara Matera","Ian Falconer",1
"Barbara Matera","William Forsythe",1
"Barbara Milberg","Esteban Francés",1
"Barbara Milberg","Francisco Moncion",1
"Barbara Milberg","Georges Bizet",1
"Barbara Milberg","Jean Rosenthal",2
"Bart Cook","Camille Saint-Saëns",1
"Bart Cook","Ronald Bates",3
"Bart Cook","William Bolcom",3
"Bart Cook","Wolfgang Amadeus Mozart",3
"Béla Bartók","Alvin Colt",3
"Béla Bartók","Ardith Haddow",1
"Béla Bartók","David Hays",3
"Béla Bartók","Holly Hynes",3
"Béla Bartók","Jean Rosenthal",1
"Béla Bartók","Lewis Brown",3
"Béla Bartók","Mark Stanley",3
"Béla Bartók","Ronald Bates",3
"Béla Bartόk","Harriet Jung",1
"Béla Bartόk","Mark Stanley",3
"Béla Bartόk","Reid Bartelme",3
"Ben Benson","Alain Vaes",3
"Ben Benson","David Mitchell",3
"Ben Benson","Federico Pallavicini",3
"Ben Benson","Jerome Robbins",3
"Ben Benson","Ronald Bates",3
"Ben Benson","Rouben Ter-Arutunian",3
"Benjamin Britten","Cecil Beaton",3
"Benjamin Britten","Irene Sharaff",1
"Benjamin Britten","Jean Rosenthal",1
"Benjamin Britten","Jennifer Tipton",1
"Benjamin Britten","Mark Stanley",3
"Benjamin Britten","Melissa Barak",1
"Benjamin Britten","Russell Hartley",3
"Benjamin Millepied","Daniel Ott",3
"Benjamin Millepied","David Lang",3
"Benjamin Millepied","Henryk Górecki",3
"Benjamin Millepied","Iris Van Herpen",1
"Benjamin Millepied","Karen Young",1
"Benjamin Millepied","Kate",1
"Benjamin Millepied","Laura Mulleavy of Rodarte",1
"Benjamin Millepied","Marc Happel",3
"Benjamin Millepied","Mark Stanley",3
"Benjamin Millepied","Nico Muhly",3
"Benjamin Millepied","Penny Jacobus",1
"Benjamin Millepied","Roderick Murray",3
"Benjamin Millepied","Satiago Calatrava",3
"Benjamin Millepied","Thierry Escaich",3
"Billy Strayhorn","Mark Stanley",3
"Billy Strayhorn","William Ivey Long",3
"Birgit Cullberg","Béla Bartók",1
"Birgit Cullberg","David Hays",1
"Birgit Cullberg","Lewis Brown",1
"Bohuslav Martinů","Harriet Jung",1
"Bohuslav Martinů","Mark Stanley",3
"Bohuslav Martinů","Reid Bartelme",3
"Bohuslav Martinů","Dries Van Noten",3
"Bohuslav Martinů","Mark Stanley",3
"Boris Eifman","Johann Sebastian Bach",1
"Boris Eifman","Mark Stanley",3
"Boris Eifman","Peter Ilyich Tschaikovsky",3
"Boris Eifman","Slava Okunev",3
"Brandon Stirling Baker","Harriet Jung",1
"Brandon Stirling Baker","Humberto Leon",3
"Brandon Stirling Baker","Janie Taylor",1
"Brandon Stirling Baker","Justin Peck",3
"Brandon Stirling Baker","Justin Peck;",3
"Brandon Stirling Baker","Karl Jensen",3
"Brandon Stirling Baker","Marcel Dzama",3
"Brandon Stirling Baker","Reid Bartelme",3
"Brandon Stirling Baker","Stephen Powers",3
"Bright Sheng","Holly Hynes",3
"Bright Sheng","James Buckhouse",3
"Bright Sheng","Mark Stanley",3
"Bright Sheng","Martin Pakledinaz",3
"Brigitte Thom","Charles Gounod",1
"Brigitte Thom","George Balanchine",1
"Brigitte Thom","Karinska",2
"Brigitte Thom","Ronald Bates",1
"Bruno Moretti","Julius Lumsden",3
"Bruno Moretti","Marc Happel",3
"Bruno Moretti","Mark Stanley",3
"Bruno Moretti","Mauro Bigonzetti",3
"Bruno Moretti","Santiago Calatrava",3
"Bryce Dessner","Brandon Stirling Baker",3
"Bryce Dessner","Marcel Dzama",3
"Camille Saint-Saëns","Jon Morrell",1
"Camille Saint-Saëns","Natasha Katz",2
"Camille Saint-Saëns","Ronald Bates",1
"Carl Maria von Weber","Franz Liszt",3
"Carl Maria von Weber","Gary Lisz",3
"Carl Maria von Weber","Holly Hynes",3
"Carl Maria von Weber","Mark Mongold",3
"Carl Maria von Weber","Pyotr Ilyich Tchaikovsky",3
"Carl Maria von Weber","Robert Stevenson",3
"Carl Maria von Weber","Stan Pressner",3
"Carlos Campos","Santiago Calatrava",3
"Carolina Herrera","Alain Vaës",1
"Cecil Beaton","Cecil Beaton",3
"César Franck","Marc Happel",3
"César Franck","Mark Stanley",3
"César Franck","Mary Katrantzou",1
"Charles Gounod","Karinska",1
"Charles Gounod","Ronald Bates",3
"Charles Ives","Allen Lee Hughes",3
"Charles Ives","David Mitchell",3
"Charles Ives","Florence Klotz",1
"Charles Ives","Jean Rosenthal",1
"Charles Ives","Jennifer Tipton",1
"Charles Ives","Mark Stanley",3
"Charles Ives","Ronald Bates",3
"Charles Ives","Steven Rubin",3
"Charles Ives","Willa Kim",1
"Charles Turner","David Hays",3
"Charles Turner","Jean Rosenthal",1
"Charles Turner","Ruth Sobotka",1
"Charles Wuorinen","Holly Hynes",3
"Charles Wuorinen","Mark Stanley",3
"Christoph Willibald von Gluck","Karinska",1
"Christoph Willibald von Gluck","Ronald Bates",3
"Christopher d'Amboise","Aaron Copland",3
"Christopher d'Amboise","April Gornik",1
"Christopher d'Amboise","Béla Bartók",3
"Christopher d'Amboise","Holly Hynes",3
"Christopher d'Amboise","Johann Sebastian Bach",1
"Christopher d'Amboise","Mark Stanley",3
"Christopher d'Amboise","Mary Jane Marcasiano",1
"Christopher d’Amboise","Holly Hynes",3
"Christopher d’Amboise","Mark Stanley",3
"Christopher d’Amboise","Philip Glass",3
"Christopher Rouse","Catherine Barinas",1
"Christopher Rouse","Mark Stanley",3
"Christopher Wheeldon","Adrianne Lobel",1
"Christopher Wheeldon","Alberto Ginastera",3
"Christopher Wheeldon","Alexei Ratmansky",3
"Christopher Wheeldon","André Previn",3
"Christopher Wheeldon","Angela Kostritzky",1
"Christopher Wheeldon","Antonín Dvořák",3
"Christopher Wheeldon","Antonio Vivaldi",3
"Christopher Wheeldon","Arvo Pärt",3
"Christopher Wheeldon","Béla Bartók",3
"Christopher Wheeldon","Bright Sheng",3
"Christopher Wheeldon","Camille Saint-Saëns",1
"Christopher Wheeldon","Carlos Campos",3
"Christopher Wheeldon","Carole Divet",1
"Christopher Wheeldon","Clyde Otis",3
"Christopher Wheeldon","Dmitri Shostakovich",3
"Christopher Wheeldon","Felix Mendelssohn",3
"Christopher Wheeldon","George Gershwin",3
"Christopher Wheeldon","Georges Bizet",3
"Christopher Wheeldon","György Ligeti",3
"Christopher Wheeldon","Harriet Jung",1
"Christopher Wheeldon","Holly Hynes",3
"Christopher Wheeldon","Ian Falconer",3
"Christopher Wheeldon","Igor Stravinsky",3
"Christopher Wheeldon","James Buckhouse",3
"Christopher Wheeldon","James MacMillan",3
"Christopher Wheeldon","Janie Taylor",1
"Christopher Wheeldon","Jean-Marc Puissant",3
"Christopher Wheeldon","Jennifer Tipton",1
"Christopher Wheeldon","Jon Morrell",3
"Christopher Wheeldon","Josef Sudek",3
"Christopher Wheeldon","Joseph Altuzarra",3
"Christopher Wheeldon","Leonard Bernstein",3
"Christopher Wheeldon","Leslie Sardinas",1
"Christopher Wheeldon","Ludwig van Beethoven",3
"Christopher Wheeldon","Mark Mongold",3
"Christopher Wheeldon","Mark Stanley",3
"Christopher Wheeldon","Mark Zappone",3
"Christopher Wheeldon","Martin Pakledinaz",3
"Christopher Wheeldon","Mary Louise Geiger",1
"Christopher Wheeldon","Max Richter",3
"Christopher Wheeldon","Michael Nagle",3
"Christopher Wheeldon","Michael Nyman",3
"Christopher Wheeldon","Natasha Katz",1
"Christopher Wheeldon","Penny Jacobus",1
"Christopher Wheeldon","Peter Ilyitch Tshaikovsky",3
"Christopher Wheeldon","Reid Bartelme",3
"Christopher Wheeldon","Richard Rodgers",3
"Christopher Wheeldon","Samuel Barber",3
"Christopher Wheeldon","Santiago Calatrava",3
"Christopher Wheeldon","William David Brohn",3
"Claude Debussy","Boris Aronson",3
"Claude Debussy","Florence Klotz",1
"Claude Debussy","Irene Sharaff",1
"Claude Debussy","Jean Kalman",1
"Claude Debussy","Jean Rosenthal",1
"Claude Debussy","Jennifer Tipton",1
"Claude Debussy","Joe Eula",3
"Claude Debussy","John Braden",3
"Claude Debussy","Jules Fisher",3
"Claude Debussy","Marc Happel",3
"Claude Debussy","Raoul Pene Du Bois",3
"Claude Debussy","Ronald Bates",3
"Clyde Otis","Mary Louise Geiger",1
"Clyde Otis","Reid Bartelme",3
"Dain Marcus","David Mitchell",3
"Damian Woetzel","Alexander Glazounov",3
"Damian Woetzel","Igor Stravinsky",3
"Dan Deacon","Brandon Stirling Baker",3
"Dan Deacon","Humberto Leon",3
"Dan Scully","Giles Deacon",3
"Daniel Lesur","Alexis Roland-Manuel",3
"Daniel Lesur","Esteban Francés",3
"Daniel Lesur","Germaine Tailleferre",1
"Daniel Lesur","Henri Sauguet",3
"Daniel Lesur","Peter Harvey",3
"Darius Milhaud","Francis Poulenc",3
"Darius Milhaud","Igor Stravinsky",3
"David Allan","Ernest Bloch",3
"David Allan","Holly Hynes",3
"David Allan","Hugo Alfven",3
"David Allan","Kurt Atterberg",3
"David Allan","Lars-Erik Larsson",3
"David Allan","Mark Stanley",3
"David Diamond","Holly Hynes",3
"David Diamond","Mark Stanley",3
"David Ffolkes","Horace Armistead",3
"David Hays","André Levasseur",3
"David Hays","David Hays",3
"David Hays","Esteban Francés",3
"David Hays","Felix Labisse",3
"David Hays","Horace Armistead",3
"David Hays","Karinska",1
"David Hays","Lewis Brown",3
"David Hays","Peter Larkin",3
"David Hays","Ruth Sobotka",1
"David Lang","Karen Young",1
"David Lang","Mark Stanley",3
"David Lang","Penny Jacobus",1
"David Lang","Rachel Quarmby-Spadaccini",1
"David Mitchell","David Mitchell",3
"David Parsons","Howell Binkley",3
"David Parsons","Richard Peaslee",3
"David Parsons","William Ivey Long",3
"Dmitri Kabalevsky","Alvin Colt",3
"Dmitri Kabalevsky","Jean Rosenthal",1
"Dmitri Shostakovich","Carole Divet",1
"Dmitri Shostakovich","Holly Hynes",3
"Dmitri Shostakovich","Mark Stanley",3
"Domenico Scarlatti","Ben Benson",3
"Domenico Scarlatti","Ronald Bates",3
"Don Sebesky","Julius Lurnsden15)",3
"Don Sebesky","Mark Stanley",3
"Don Sebesky","Robin Wagner",1
"Dorothea Tanning","Dorothea Tanning",2
"Douglas Lee","Ines Alda",1
"Douglas Lee","Mark Stanley",3
"Douglas Lee","Ryoji Ikeda",3
"Douglas Lee","Steve Reich",3
"Duke Ellington","Billy Strayhorn",3
"Duke Ellington","Mark Stanley",3
"Duke Ellington","Valentino",3
"Duke Ellington","William Ivey Long",3
"Edgar Meyer","Holly Hynes",3
"Edgar Meyer","Mark O'Connor",3
"Edgar Meyer","Mark Stanley",3
"Edgar Varèse","Ronald Bates",3
"Édouard Lalo","Marc Happel",3
"Édouard Lalo","Mark Stanley",3
"Édouard Lalo","Rustam Khamdamov",3
"Edvard Helsted","Alain Vaes",3
"Edvard Helsted","Ben Benson",3
"Edvard Helsted","Holger Simon Paulli",3
"Edvard Helsted","Mark Stanley",3
"Edvard Helsted","Ronald Bates",3
"Edwaard Liang","Anna Sui",1
"Edwaard Liang","Mark Stanley",3
"Edwaard Liang","Oliver Davis",3
"Edwaard Liang","Tomaso Albinoni",3
"Edward Elgar","Mark Stanley",3
"Edward Elgar","Peteris Vasks",3
"Edward Elgar","Rosie Assoulin",1
"Edward MacDowell","David Mitchell",3
"Edward MacDowell","Gary Lisz",3
"Edward MacDowell","Mark Stanley",3
"Edward Villella","John Braden",3
"Edward Villella","Robert Prince",3
"Eliot Feld","Allen Lee Hughes",3
"Eliot Feld","Charles Ives",3
"Eliot Feld","Eliot Feld",3
"Eliot Feld","Johann Sebastian Bach",1
"Eliot Feld","Johannes Brahms",3
"Eliot Feld","Mark Stanley",3
"Eliot Feld","Paul Lansky",3
"Eliot Feld","Philip Glass",3
"Eliot Feld","Steve Reich",3
"Eliot Feld","Willa Kim",1
"Ellen Taaffe Zwilich","Barbara Matera",2
"Ellen Taaffe Zwilich","Mark Stanley",1
"Elliott Carter","Joan Junyer",1
"Ellis Ludwig-Leone","Mark Stanley",3
"Ellis Ludwig-Leone","Marta Marques",1
"Ellis Ludwig-Leone","Paulo Almeida",3
"Emmanuel Chabrier","Jean Rosenthal",1
"Emmanuel Chabrier","Karinska",1
"Emmanuel Chabrier   ","Karinska",1
"Emmanuel Chabrier   ","Ronald Bates",3
"Ernest Bloch","Holly Hynes",3
"Ernest Bloch","Mark Stanley",3
"Erno Dohnanyi","Esteban Francés",3
"Ernst von Dohnanyi","Alain Vaes",3
"Ernst von Dohnanyi","Mark Stanley",3
"Erté","Erté",3
"Esa-Pekka Salonen","Marc Happel",3
"Esa-Pekka Salonen","Mark Stanley",3
"Esa-Pekka Salonen","Santiago Calatrava",3
"Esteban Francés","André Levasseur",3
"Esteban Francés","David Hays",3
"Esteban Francés","Esteban Francés",3
"Esteban Francés","James Bodrero",3
"Esteban Francés","Jean Rosenthal",1
"Esteban Francés","Karinska",1
"Esteban Francés","Peter Harvey",3
"Eugene Berman","Eugene Berman",3
"Evelyn Ficarra","Ake Parmerud",1
"Evelyn Ficarra","Herve-Pierre",1
"Evelyn Ficarra","Mark Stanley",1
"Evelyn Ficarra","Maya Schweizer",2
"Evelyn Ficarra","Robert Normandeau",1
"Evelyn Ficarra","Serge Morand",1
"Felix Mendelssohn","Ben Benson",3
"Felix Mendelssohn","David Ffolkes",3
"Felix Mendelssohn","David Hays",3
"Felix Mendelssohn","Holly Hynes",3
"Felix Mendelssohn","Horace Armistead",3
"Felix Mendelssohn","Ian Falconer",3
"Felix Mendelssohn","Jean Rosenthal",1
"Felix Mendelssohn","Karinska",1
"Felix Mendelssohn","Mark Stanley",3
"Felix Mendelssohn","Ronald Bates",3
"Ferde Grofé","Barbara Matera",1
"Ferde Grofé","Mark Stanley",3
"Fernando Garcia","Laura Kim",1
"Florence Klotz","Ben Shahn",1
"Florence Klotz","David Mitchell",1
"Francesco Geminiani","Holly Hynes",3
"Francesco Geminiani","Mark Stanley",3
"Francesco Geminiani","Michael Zansky",3
"Francis Poulenc","Liam Scarlett",3
"Francis Poulenc","Marc Happel",3
"Francis Poulenc","Mark Stanley",3
"Francis Poulenc","Ronald Bates",3
"Francis Poulenc  ","David Hays",3
"Francis Poulenc  ","Jean Rosenthal",1
"Francisco Moncion","Charles Turner",3
"Francisco Moncion","Darius Milhaud",3
"Francisco Moncion","David Hays",3
"Francisco Moncion","Esteban Francés",3
"Francisco Moncion","Francis Poulenc",3
"Francisco Moncion","Georges Bizet",3
"Francisco Moncion","Igor Stravinsky",3
"Francisco Moncion","Jacques d’Amboise",3
"Francisco Moncion","Jean Rosenthal",1
"Francisco Moncion","John Taras",3
"Francisco Moncion","Karinska",1
"Francisco Moncion","Ruth Sobotka",1
"Francisco Moncion","Various composers",1
"Frank Martin","Alain Vaes",3
"Frank Martin","Ronald Bates",3
"Franz Joseph Haydn","Holly Hynes",3
"Franz Joseph Haydn","Mark Stanley",3
"Franz Lehár","Karinska",1
"Franz Lehár","Richard Strauss",3
"Franz Lehár","Ronald Bates",3
"Franz Lehár","Rouben Ter-Arutunian",3
"Franz Liszt","Gary Lisz",3
"Franz Liszt","Mark Stanley",3
"Franz Liszt","Pyotr Ilyich Tchaikovsky",3
"Franz Liszt","Sarah Burton",1
"Franz Liszt","Stan Pressner",3
"Franz Schubert","Ben Benson",3
"Franz Schubert","Federico Pallavicini",3
"Franz Schubert","Holly Hynes",3
"Franz Schubert","Mark Mongold",3
"Franz Schubert","Ronald Bates",3
"Fred Astaire","George Balanchine",3
"Fred Astaire","Van Phillips",3
"Fred Astaire and Van Phillips","Mark Stanley",3
"Fred Astaire and Van Phillips","Oscar de la Renta",3
"Fred Danieli","Horace Armistead",3
"Fred Danieli","Jean Rosenthal",1
"Fred Danieli","Richard Arnell",3
"Frédéric Chopin","Anthony Dowell",3
"Frédéric Chopin","Irene Sharaff",1
"Frédéric Chopin","Jean Rosenthal",1
"Frédéric Chopin","Jennifer Tipton",1
"Frédéric Chopin","Joe Eula",3
"Frédéric Chopin","Ronald Bates",3
"Frédéric Chopin","Santo Loquasto",3
"Frédéric Chopin","Saul Steinberg",3
"Frederick Ashton","Benjamin Britten",3
"Frederick Ashton","Cecil Beaton",3
"Frederick Ashton","Jean Rosenthal",1
"Frederick Ashton","Sir Arnold Bax",3
"Gabriel Fauré","Ben Benson",3
"Gabriel Fauré","Igor Stravinsky",3
"Gabriel Fauré","Karinska",1
"Gabriel Fauré","Mark Stanley",3
"Gabriel Fauré","Peter Harvey",3
"Gabriel Fauré","Pyotr Ilyich Tchaikovsky",3
"Gabriel Fauré","Ronald Bates",3
"Gabriel Fauré","Rouben Ter-Arutunian",3
"Gaetano Donizetti","David Hays",3
"Gaetano Donizetti","Esteban Francés",3
"Gaetano Donizetti","Karinska",1
"Garth Fagan","Duke Ellington",3
"Garth Fagan","Susan Stroman",1
"Gary Kulesha","Mark Stanley",3
"Gary Lisz","David Mitchell",3
"Georg Friedrich Händel","Alain Vaes",3
"Georg Friedrich Händel","Mark Stanley",3
"Georg Philipp Telemann","Holly Hynes",3
"Georg Philipp Telemann","Mark Stanley",3
"George Balanchine","Alexander Glazounov",3
"George Balanchine","Alexander Scriabin",3
"George Balanchine","Alexandra Danilova",1
"George Balanchine","Alexei Haieff",3
"George Balanchine","Alice Halicka",1
"George Balanchine","Aline Bernstein",1
"George Balanchine","André Bauchant",3
"George Balanchine","André Levasseur",3
"George Balanchine","Anton von Webern",3
"George Balanchine","Antonio Vivaldi",3
"George Balanchine","Arcangelo Corelli",3
"George Balanchine","Arnold Schoenberg",3
"George Balanchine","Arthur Mitchell",3
"George Balanchine","Barbara Milberg",1
"George Balanchine","Ben Benson",3
"George Balanchine","Carl Maria von Weber",3
"George Balanchine","Cecil Beaton",3
"George Balanchine","Charles Gounod",3
"George Balanchine","Charles Ives",3
"George Balanchine","Christian Bérard",3
"George Balanchine","Christoph Willibald von Gluck",3
"George Balanchine","Darius Milhaud",3
"George Balanchine","David Ffolkes",3
"George Balanchine","David Hays",3
"George Balanchine","David Mitchell",3
"George Balanchine","Dorothea Tanning",1
"George Balanchine","Emmanuel Chabrier",3
"George Balanchine","Emmanuel Chabrier   ",3
"George Balanchine","Esteban Francés",3
"George Balanchine","Eugene Berman",3
"George Balanchine","Felix Mendelssohn",3
"George Balanchine","Francis Poulenc",3
"George Balanchine","Francisco Moncion",3
"George Balanchine","Franz Lehár",3
"George Balanchine","Gabriel Fauré",3
"George Balanchine","Gaetano Donizetti",3
"George Balanchine","Gaston Longchamp",3
"George Balanchine","George Balanchine",3
"George Balanchine","George Frederick Handel  ",3
"George Balanchine","George Gershwin",3
"George Balanchine","Georges Bizet",3
"George Balanchine","Giuseppe Verdi",3
"George Balanchine","Gunther Schuller",3
"George Balanchine","Hershy Kay",3
"George Balanchine","Horace Armistead",3
"George Balanchine","Iannis Xenakis",3
"George Balanchine","Igor Stravinsky",3
"George Balanchine","Irene Sharaff",1
"George Balanchine","Isamu Noguchi",3
"George Balanchine","Jack Owen Brown",3
"George Balanchine","Jacques d'Amboise",3
"George Balanchine","Jacques D'Amboise",3
"George Balanchine","Jacques d’Amboise",3
"George Balanchine","James Stewart Morcom",3
"George Balanchine","Jantzen",1
"George Balanchine","Jean Françaix",1
"George Balanchine","Jean Rosenthal",1
"George Balanchine","Jerome Robbins",3
"George Balanchine","Jo Mielziner",1
"George Balanchine","Joe Eula",3
"George Balanchine","Johann Sebastian Bach",1
"George Balanchine","Johann Strauss II",1
"George Balanchine","Johannes Brahms",3
"George Balanchine","Johannes Brahms ",3
"George Balanchine","John Boyt",3
"George Balanchine","John Philip Sousa",3
"George Balanchine","John Taras",3
"George Balanchine","Juriaan Andriessen",3
"George Balanchine","Karinska",1
"George Balanchine","Kermit Love",3
"George Balanchine","Kurt Seligmann",3
"George Balanchine","Kurt Weill",3
"George Balanchine","Leo Delibes",3
"George Balanchine","Léo Delibes",3
"George Balanchine","Leon Minkus",3
"George Balanchine","Lev Ivanov",3
"George Balanchine","Louis Moreau Gottschalk",3
"George Balanchine","Marc Chagall",3
"George Balanchine","Marc Happel",3
"George Balanchine","Marius Petipa",3
"George Balanchine","Mark Stanley",3
"George Balanchine","Maurice Ravel",3
"George Balanchine","Michael Avedon",3
"George Balanchine","Mikhail Glinka",3
"George Balanchine","Morton Gould",3
"George Balanchine","Nananne Porcher",1
"George Balanchine","Nicolas Benois",3
"George Balanchine","Nicolas Nabokov",3
"George Balanchine","Oskar Sala",3
"George Balanchine","Patricia Zipprodt",1
"George Balanchine","Paul Hindemith",3
"George Balanchine","Per Kirkeby",3
"George Balanchine","Peter Harvey",3
"George Balanchine","Peter Larkin",3
"George Balanchine","Pierre Henry",3
"George Balanchine","Pyotr Ilyich Tchaikovsky",3
"George Balanchine","Raoul Dufy",3
"George Balanchine","Remi Gassmann",3
"George Balanchine","Riccardo Drigo",3
"George Balanchine","Richard Rodgers",3
"George Balanchine","Richard Strauss",3
"George Balanchine","Robert Drew",3
"George Balanchine","Robert Schumann",3
"George Balanchine","Robert Stevenson",3
"George Balanchine","Roger Kellaway",3
"George Balanchine","Rolf Lieberman",3
"George Balanchine","Ronald Bates",3
"George Balanchine","Rouben Ter-Arutunian",3
"George Balanchine","Santo Loquasto",3
"George Balanchine","Sergei Prokofiev",3
"George Balanchine","Sophie Menter",1
"George Balanchine","Stanley Simmons",3
"George Balanchine","Toshiro Mayuzumi",3
"George Balanchine","Traditional American melodies",1
"George Balanchine","Various composers",1
"George Balanchine","Vera Zorina",1
"George Balanchine","Virgil Thomson",3
"George Balanchine","Vittorio Rieti",3
"George Balanchine","Wolfgang Amadeus Mozart",3
"George Frederic Handel","George Philipp Teleman",3
"George Frederic Handel","Gioacchino Rossini",3
"George Frederic Handel","Giuseppe Verdi",3
"George Frederic Handel","Heinrich Von Biber",3
"George Frederic Handel","Holly Hynes",3
"George Frederic Handel","Mark Stanley",3
"George Frederic Handel","Ronald Bates",3
"George Frederick Handel  ","Esteban Francés",3
"George Gershwin","Adrianne Lobel",1
"George Gershwin","Barbara Matera",1
"George Gershwin","Ferde Grofé",3
"George Gershwin","Hershy Kay",3
"George Gershwin","Holly Hynes",3
"George Gershwin","Janie Taylor",1
"George Gershwin","Jo Mielziner",1
"George Gershwin","Leslie Sardinas",1
"George Gershwin","Mark Stanley",3
"George Gershwin","Natasha Katz",1
"George Gershwin","Oscar de la Renta",3
"George Gershwin","Ronald Bates",3
"George Gershwin","Santo Loquasto",3
"George Gershwin  ","Isaac Mizrahi",3
"George Gershwin  ","James F. Ingalls",3
"George Philipp Teleman","Giuseppe Verdi",3
"George Philipp Teleman","Ronald Bates",3
"Georges Auric","Alexis Roland-Manuel",3
"Georges Auric","Arthur Honnegger",3
"Georges Auric","Daniel Lesur",3
"Georges Auric","Esteban Francés",3
"Georges Auric","Germaine Tailleferre",1
"Georges Auric","Henri Sauguet",3
"Georges Auric","Peter Harvey",3
"Georges Auric","Ronald Bates",3
"Georges Auric","Rouben Ter-Arutunian",3
"Georges Bizet","David Mitchell",3
"Georges Bizet","Esteban Francés",3
"Georges Bizet","Eugene Berman",3
"Georges Bizet","Jean Rosenthal",1
"Georges Bizet","Jean-Marc Puissant",3
"Georges Bizet","Marc Happel",3
"Georges Bizet","Mark Stanley",3
"Georges Bizet","Mark Zappone",3
"Georges Bizet","Mary Louise Geiger",1
"Germaine Tailleferre","Esteban Francés",1
"Germaine Tailleferre","Peter Harvey",1
"Gian Carlo Menotti","Jean Rosenthal",1
"Gian Carlo Menotti","Robert Fletcher",3
"Gianna Reisen","Alberta Feretti",2
"Gianna Reisen","John Adams",1
"Gianna Reisen","Lukas Foss",1
"Gianna Reisen","Mark Stanley",1
"Gianna Reisen","Virgil Abloh of Off-White™",1
"Giles Farnaby","Peter Larkin",3
"Gilles Mendel","Santiago Calatrava",3
"Gioacchino Rossini","Ben Benson",3
"Gioacchino Rossini","David Mitchell",3
"Gioacchino Rossini","Esteban Francés",3
"Gioacchino Rossini","George Philipp Teleman",3
"Gioacchino Rossini","Giuseppe Verdi",3
"Gioacchino Rossini","James Bodrero",3
"Gioacchino Rossini","Ronald Bates",3
"Giovanni Battista Pergolesi","Alain Vaes",3
"Giovanni Battista Pergolesi","Mark Stanley",3
"Giuseppe Verdi","Ben Benson",3
"Giuseppe Verdi","Cecil Beaton",3
"Giuseppe Verdi","Holly Hynes",3
"Giuseppe Verdi","Jean Rosenthal",1
"Giuseppe Verdi","Jennifer Tipton",1
"Giuseppe Verdi","Marc-Olivier Dupin",3
"Giuseppe Verdi","Mark Stanley",3
"Giuseppe Verdi","Ronald Bates",3
"Giuseppe Verdi","Santo Loquasto",3
"Giuseppe Verdi","Yuli Turovsky",3
"Glen Kelly","Don Sebesky",3
"Glen Kelly","Julius Lurnsden15)",3
"Glen Kelly","Mark Stanley",3
"Glen Kelly","Robin Wagner",1
"Gloria Contreras","David Hays",1
"Gloria Contreras","Esteban Francés",1
"Gloria Contreras","Francisco Moncion",1
"Gloria Contreras","George Balanchine",1
"Gloria Contreras","Jacques d’Amboise",1
"Gloria Contreras","John Taras",1
"Gloria Contreras","Karinska",2
"Gloria Contreras","Various composers",1
"Gunther Schuller","David Hays",3
"György Ligeti","Holly Hynes",3
"György Ligeti","Mark Stanley",3
"Hanako Maeda","Marc Happel",1
"Harriet Jung","Jules de Balincourt",1
"Harriet Jung","Justin Peck",1
"Harriet Jung","Stephen Powers",1
"Heinrich Ignaz Franz von Biber","Antonio Vivaldi",3
"Heinrich Ignaz Franz von Biber","Holly Hynes",3
"Heinrich Ignaz Franz von Biber","Mark Stanley",3
"Heinrich Von Biber","George Philipp Teleman",3
"Heinrich Von Biber","Gioacchino Rossini",3
"Heinrich Von Biber","Giuseppe Verdi",3
"Heinrich Von Biber","Ronald Bates",3
"Helgi Tomasson","André Messager",3
"Helgi Tomasson","Ben Benson",3
"Helgi Tomasson","Jose Verona",3
"Helgi Tomasson","Ludwig van Beethoven",3
"Helgi Tomasson","Mark Stanley",3
"Helgi Tomasson","Martin Pakledinaez",3
"Helgi Tomasson","Ronald Bates",3
"Helgi Tomasson","Wolfgang Amadeus Mozart",3
"Henri Sauguet","Esteban Francés",3
"Henri Sauguet","Germaine Tailleferre",1
"Henri Sauguet","Peter Harvey",3
"Henryk Górecki","Marc Happel",3
"Henryk Górecki","Mark Stanley",3
"Herman Severin Løvenskjold","Mark Stanley",3
"Herman Severin Løvenskjold","Susan Tammany",1
"Hershy Kay","David Hays",3
"Hershy Kay","Hershy Kay",3
"Hershy Kay","Irene Sharaff",1
"Hershy Kay","Jean Rosenthal",1
"Hershy Kay","Jo Mielziner",1
"Hershy Kay","John Boyt",3
"Hershy Kay","Karinska",1
"Hershy Kay","Keith Martin",3
"Hershy Kay","Mark Stanley",3
"Hershy Kay","Robert Drew",3
"Hershy Kay","Ronald Bates",3
"Hershy Kay","Rouben Ter-Arutunian",3
"Hershy Kay","Santo Loquasto",3
"Herve-Pierre","Maya Schweizer",1
"Holger Simon Paulli","Alain Vaes",3
"Holger Simon Paulli","Ben Benson",3
"Holger Simon Paulli","Mark Stanley",3
"Holger Simon Paulli","Ronald Bates",3
"Holly Hynes","Adrianne Lobel",1
"Holly Hynes","April Gornik",1
"Holly Hynes","Ian Falconer",3
"Holly Hynes","Mark Stanley",3
"Holly Hynes","Michael Nagle",3
"Holly Hynes","Michael Zansky",3
"Horace Armistead","Horace Armistead",3
"Horace Armistead","Rouben Ter-Arutunian",3
"Howell Binkley","William Ivey Long",3
"Hugo Alfven","Holly Hynes",3
"Hugo Alfven","Kurt Atterberg",3
"Hugo Alfven","Lars-Erik Larsson",3
"Hugo Alfven","Mark Stanley",3
"Ian Falconer","Ian Falconer",3
"Iannis Xenakis","Ronald Bates",3
"Ib Andersen","Barbara Matera",1
"Ib Andersen","Lukas Foss",3
"Ib Andersen","Mark Stanley",3
"Igor Stravinsky","Alice Halicka",1
"Igor Stravinsky","André Bauchant",3
"Igor Stravinsky","Barbara Matera",1
"Igor Stravinsky","Ben Benson",3
"Igor Stravinsky","David Hays",3
"Igor Stravinsky","Eugene Berman",3
"Igor Stravinsky","Francis Poulenc",3
"Igor Stravinsky","Harriet Jung",1
"Igor Stravinsky","Holly Hynes",3
"Igor Stravinsky","Ian Falconer",3
"Igor Stravinsky","Irene Sharaff",1
"Igor Stravinsky","Isamu Noguchi",3
"Igor Stravinsky","Jean Rosenthal",1
"Igor Stravinsky","Jennifer Tipton",1
"Igor Stravinsky","John Braden",3
"Igor Stravinsky","Jules de Balincourt",3
"Igor Stravinsky","Karinska",1
"Igor Stravinsky","Kermit Love",3
"Igor Stravinsky","Lewis Brown",3
"Igor Stravinsky","Marc Chagall",3
"Igor Stravinsky","Mark Stanley",3
"Igor Stravinsky","Oliver Smith",3
"Igor Stravinsky","Patricia Zipprodt",1
"Igor Stravinsky","Peter Harvey",3
"Igor Stravinsky","Pyotr Ilyich Tchaikovsky",3
"Igor Stravinsky","Reid Bartelme",3
"Igor Stravinsky","Robert Drew",3
"Igor Stravinsky","Ronald Bates",3
"Igor Stravinsky","Rouben Ter-Arutunian",3
"Igor Stravinsky","Ruth Sobotka",1
"Igor Stravinsky","Santo Loquasto",3
"Igor Stravinsky","Sergei Prokofiev",3
"Igor Stravinsky","Stanley Simmons",3
"Igor Stravinsky","Tsumori Chisato",1
"Irene Sharaff","Irene Sharaff",2
"Irene Sharaff","Jean Rosenthal",2
"Irene Sharaff","Jo Mielziner",2
"Irene Sharaff","Oliver Smith",1
"Irene Sharaff","Saul Steinberg",1
"Irving Berlin","Mark Stanley",3
"Irving Berlin","Robin Wagner",1
"Irving Berlin","Walter Donaldson",3
"Irving Berlin","William Ivey Long",3
"Isamu Noguchi","Isamu Noguchi",3
"Jack Owen Brown","Karinska",1
"Jacques d'Amboise","Anton Webern",3
"Jacques d'Amboise","Antonio Vivaldi",3
"Jacques d'Amboise","Ben Benson",3
"Jacques d'Amboise","Charles Camille Saint-Saëns",3
"Jacques d'Amboise","Claude Debussy",3
"Jacques d'Amboise","David Hays",3
"Jacques d'Amboise","Dmitri Shostakovich",3
"Jacques d'Amboise","Felix Mendelssohn",3
"Jacques d'Amboise","Georges Bizet",3
"Jacques d'Amboise","Giles Farnaby",3
"Jacques d'Amboise","Igor Stravinsky",3
"Jacques d'Amboise","John Braden",3
"Jacques d'Amboise","John Taras",3
"Jacques d'Amboise","Karinska",1
"Jacques d'Amboise","Paul Hindemith",3
"Jacques d'Amboise","Peter Larkin",3
"Jacques d'Amboise","Pyotr Ilyich Tchaikovsky",3
"Jacques d'Amboise","Ronald Bates",3
"Jacques d'Amboise","Rouben Ter-Arutunian",3
"Jacques d'Amboise","William Byrd",3
"Jacques d'Amboise","Wolfgang Amadeus Mozart",3
"Jacques D'Amboise","George Balanchine",3
"Jacques D'Amboise","Igor Stravinsky",3
"Jacques D'Amboise","Rouben Ter-Arutunian",3
"Jacques d’Amboise","David Hays",3
"Jacques d’Amboise","Esteban Francés",3
"Jacques d’Amboise","John Braden",3
"Jacques d’Amboise","Karinska",1
"Jacques d’Amboise","Maurice Ravel",3
"Jacques d’Amboise","Ronald Bates",3
"Jacques d’Amboise","Various composers",1
"James Blake","Dan Scully",3
"James Blake","Giles Deacon",3
"James Bodrero","Esteban Francés",3
"James Bodrero","James Bodrero",3
"James F. Ingalls","Isaac Mizrahi",3
"James MacMillan","Holly Hynes",3
"James MacMillan","Mark Stanley",3
"James MacMillan","Michael Nagle",3
"James Stewart Morcom","James Stewart Morcom",3
"Janie Taylor","Karl Jensen",1
"Janie Taylor","Leslie Sardinas",2
"Jason Kantrowitz","Beowulf Boritt",3
"Jason Kantrowitz","Judanna Lynn",1
"Jay Greenberg","Gilles Mendel",3
"Jay Greenberg","Mark Stanley",3
"Jay Greenberg","Santiago Calatrava",3
"Jay-Z","Dan Scully",3
"Jay-Z","Giles Deacon",3
"Jay-Z","James Blake",3
"Jean Françaix","Jean Rosenthal",2
"Jean Françaix","Karinska",2
"Jean Françaix","Raoul Dufy",1
"Jean Kalman","Marc Happel",1
"Jean Piché","Gary Kulesha",1
"Jean Piché","Mark Stanley",1
"Jean Rosenthal","Alice Halicka",2
"Jean Rosenthal","Alvin Colt",1
"Jean Rosenthal","Boris Aronson",1
"Jean Rosenthal","Cecil Beaton",1
"Jean Rosenthal","Christian Bérard",1
"Jean Rosenthal","David Ffolkes",1
"Jean Rosenthal","David Hays",1
"Jean Rosenthal","Dorothea Tanning",2
"Jean Rosenthal","Esteban Francés",1
"Jean Rosenthal","Eugene Berman",1
"Jean Rosenthal","Gaston Longchamp",1
"Jean Rosenthal","Horace Armistead",1
"Jean Rosenthal","Irene Sharaff",2
"Jean Rosenthal","James Stewart Morcom",1
"Jean Rosenthal","Jean Rosenthal",2
"Jean Rosenthal","John Boyt",1
"Jean Rosenthal","Karinska",2
"Jean Rosenthal","Keith Martin",1
"Jean Rosenthal","Marc Happel",1
"Jean Rosenthal","Mark Stanley",1
"Jean Rosenthal","Oliver Smith",1
"Jean Rosenthal","Raoul Dufy",1
"Jean Rosenthal","Robert Drew",1
"Jean Rosenthal","Robert Fletcher",1
"Jean Rosenthal","Rouben Ter-Arutunian",1
"Jean Rosenthal","Ruth Sobotka",2
"Jean Rosenthal","Saul Steinberg",1
"Jean-Marc Puissant","Jean-Marc Puissant",3
"Jean-Michel Damase","André Levasseur",3
"Jean-Michel Damase","David Hays",3
"Jean-Michel Damase","Felix Labisse",3
"Jean-Pierre Bonnefoux","Alain Vaes",3
"Jean-Pierre Bonnefoux","Bright Sheng",3
"Jean-Pierre Bonnefoux","Charles Wuorinen",3
"Jean-Pierre Bonnefoux","Frank Martin",3
"Jean-Pierre Bonnefoux","Georges Auric",3
"Jean-Pierre Bonnefoux","Holly Hynes",3
"Jean-Pierre Bonnefoux","Jerome Robbins",3
"Jean-Pierre Bonnefoux","Mark Stanley",3
"Jean-Pierre Bonnefoux","Ronald Bates",3
"Jean-Pierre Bonnefoux","Rouben Ter-Arutunian",3
"Jean-Pierre Frohlich","Lou Harrison",1
"Jean-Pierre Frohlich","Marc Happel",3
"Jean-Pierre Frohlich","Penny Jacobus",1
"Jennifer Tipton","Anthony Dowell",1
"Jennifer Tipton","Ben Shahn",1
"Jennifer Tipton","Dain Marcus",1
"Jennifer Tipton","David Mitchell",1
"Jennifer Tipton","David Reppa",1
"Jennifer Tipton","Erté",1
"Jennifer Tipton","Florence Klotz",2
"Jennifer Tipton","Harriet Jung",2
"Jennifer Tipton","Holly Hynes",1
"Jennifer Tipton","Irene Sharaff",2
"Jennifer Tipton","Isaac Mizrahi",1
"Jennifer Tipton","Jean Rosenthal",2
"Jennifer Tipton","Jean-Marc Puissant",1
"Jennifer Tipton","Jerome Robbins",1
"Jennifer Tipton","Joe Eula",1
"Jennifer Tipton","Justin Peck",1
"Jennifer Tipton","Oliver Smith",1
"Jennifer Tipton","Oscar de la Renta",1
"Jennifer Tipton","Patricia Zipprodt",2
"Jennifer Tipton","Reid Bartelme",1
"Jennifer Tipton","Rouben Ter-Arutunian",1
"Jennifer Tipton","Ruth Sobotka",2
"Jennifer Tipton","Santo Loquasto",1
"Jennifer Tipton","William Ivey Long",1
"Jerome Robbins","Aaron Copland",3
"Jerome Robbins","Alban Berg",3
"Jerome Robbins","Anthony Dowell",3
"Jerome Robbins","Ben Benson",3
"Jerome Robbins","Ben Shahn",3
"Jerome Robbins","Benjamin Britten",3
"Jerome Robbins","Beowulf Boritt",3
"Jerome Robbins","Boris Aronson",3
"Jerome Robbins","Charles Ives",3
"Jerome Robbins","Claude Debussy",3
"Jerome Robbins","Dain Marcus",3
"Jerome Robbins","David Mitchell",3
"Jerome Robbins","David Reppa",3
"Jerome Robbins","Erté",3
"Jerome Robbins","Eugene Berman",3
"Jerome Robbins","Florence Klotz",1
"Jerome Robbins","Frédéric Chopin",3
"Jerome Robbins","George Balanchine",3
"Jerome Robbins","George Frederic Handel",3
"Jerome Robbins","George Gershwin",3
"Jerome Robbins","George Philipp Teleman",3
"Jerome Robbins","Georges Auric",3
"Jerome Robbins","Gioacchino Rossini",3
"Jerome Robbins","Giuseppe Verdi",3
"Jerome Robbins","Heinrich Von Biber",3
"Jerome Robbins","Holly Hynes",3
"Jerome Robbins","Igor Stravinsky",3
"Jerome Robbins","Irene Sharaff",1
"Jerome Robbins","Jantzen",1
"Jerome Robbins","Jean Rosenthal",1
"Jerome Robbins","Jennifer Tipton",1
"Jerome Robbins","Jerome Robbins",3
"Jerome Robbins","Jerry Bock",3
"Jerome Robbins","Joe Eula",3
"Jerome Robbins","Johann Sebastian Bach",1
"Jerome Robbins","Johannes Brahms",3
"Jerome Robbins","Juriaan Andriessen",3
"Jerome Robbins","Karinska",1
"Jerome Robbins","Kermit Love",3
"Jerome Robbins","Leonard Bernstein",3
"Jerome Robbins","Ludwig van Beethoven",3
"Jerome Robbins","Ludwig Van Beethoven",3
"Jerome Robbins","Marc Blitzstein",3
"Jerome Robbins","Marc Chagall",3
"Jerome Robbins","Mark Stanley",3
"Jerome Robbins","Maurice Ravel",3
"Jerome Robbins","Morton Gould",3
"Jerome Robbins","Oliver Smith",3
"Jerome Robbins","Oscar de la Renta",3
"Jerome Robbins","Parmalee Wells",3
"Jerome Robbins","Patricia Zipprodt",1
"Jerome Robbins","Peter Gennaro",3
"Jerome Robbins","Peter Martins",3
"Jerome Robbins","Philip Glass",3
"Jerome Robbins","Pyotr Ilyich Tchaikovsky",3
"Jerome Robbins","Richard Rodgers",3
"Jerome Robbins","Robert Prince",3
"Jerome Robbins","Ronald Bates",3
"Jerome Robbins","Rouben Ter-Arutunian",3
"Jerome Robbins","Ruth Sobotka",1
"Jerome Robbins","Santo Loquasto",3
"Jerome Robbins","Saul Steinberg",3
"Jerome Robbins","Sergei Prokofiev",3
"Jerome Robbins","Stanley Simmons",3
"Jerome Robbins","Stephen Sondheim",3
"Jerome Robbins","Steve Reich",3
"Jerome Robbins","Styne",3
"Jerome Robbins","Teiji Ito",3
"Jerome Robbins","Thomas Skelton",3
"Jerome Robbins","Toni-Leslie James",1
"Jerome Robbins","Twyla Tharp",1
"Jerome Robbins","Wolfgang Amadeus Mozart",3
"Jerry Bock","Beowulf Boritt",3
"Jerry Bock","Mark Stanley",3
"Jerry Bock","Morton Gould",3
"Jerry Bock","Richard Rodgers",3
"Jerry Bock","Styne",3
"Jerry Bock","Toni-Leslie James",1
"Jiři Bubeniček","Mark Stanley",3
"Jiři Bubeniček","Otto Bubeniček",3
"Jiři Bubeniček","Otto Bubeníček",3
"Jo Mielziner","Irene Sharaff",2
"Jo Mielziner","Jo Mielziner",2
"Joan Junyer","Joan Junyer",2
"Joe Eula","Stanley Simmons",3
"Johann Pachelbel   ","Holly Hynes",1
"Johann Pachelbel   ","Mark Stanley",1
"Johann Sebastian Bach","Allen Lee Hughes",1
"Johann Sebastian Bach","Barbara Matera",2
"Johann Sebastian Bach","Eliot Feld",1
"Johann Sebastian Bach","Emilio Sosa",1
"Johann Sebastian Bach","Eugene Berman",1
"Johann Sebastian Bach","Holly Hynes",1
"Johann Sebastian Bach","Jean Rosenthal",2
"Johann Sebastian Bach","Jennifer Tipton",2
"Johann Sebastian Bach","Joe Eula",1
"Johann Sebastian Bach","Mark Stanley",1
"Johann Sebastian Bach","Peter Ilyich Tschaikovsky",1
"Johann Sebastian Bach","Ronald Bates",1
"Johann Sebastian Bach","Santo Loquasto",1
"Johann Sebastian Bach","Slava Okunev",1
"Johann Sebastian Bach","Thomas Skelton",1
"Johann Strauss II","Franz Lehár",1
"Johann Strauss II","Karinska",2
"Johann Strauss II","Richard Strauss",1
"Johann Strauss II","Ronald Bates",1
"Johann Strauss II","Rouben Ter-Arutunian",1
"Johannes Brahms","David Hays",3
"Johannes Brahms","Jennifer Tipton",1
"Johannes Brahms","Karinska",1
"Johannes Brahms","Oscar de la Renta",3
"Johannes Brahms ","Karinska",1
"Johannes Brahms ","Peter Harvey",3
"Johannes Brahms ","Ronald Bates",3
"John Adams","Alberta Feretti",1
"John Adams","Holly Hynes",3
"John Adams","Kirsten Lund Nielsen",1
"John Adams","Liliana Casabal",1
"John Adams","Mark Stanley",3
"John Adams","Rouben Ter-Arutunian",3
"John Adams","Steven Rubin",3
"John Alleyne","Gary Kulesha",3
"John Alleyne","Holly Hynes",3
"John Alleyne","Jean Piché",1
"John Alleyne","Johann Pachelbel   ",1
"John Alleyne","Mark Stanley",3
"John Braden","John Braden",3
"John Butler","Gian Carlo Menotti",3
"John Butler","Jean Rosenthal",1
"John Butler","Robert Fletcher",3
"John Cage","Carole Divet",1
"John Cage","Mark Stanley",3
"John Cage","Olivier Theyskens",3
"John Clifford","Ardith Haddow",1
"John Clifford","Béla Bartók",3
"John Clifford","Claude Debussy",3
"John Clifford","Igor Stravinsky",3
"John Clifford","Joe Eula",3
"John Clifford","John Braden",3
"John Clifford","Leonard Bernstein",3
"John Clifford","Pyotr Ilyich Tchaikovsky",3
"John Clifford","Ralph Vaughan Williams",3
"John Clifford","Ronald Bates",3
"John Clifford","Stanley Simmons",3
"John Clifford","Zoltán Kodály",3
"John Corigliano","Carole Divet",1
"John Corigliano","Mark Stanley",3
"John Cranko","Dorothea Tanning",1
"John Cranko","Maurice Ravel  ",3
"John King","Carole Divet",1
"John King","Mark Stanley",3
"John Philip Sousa","David Hays",3
"John Philip Sousa","Hershy Kay",3
"John Philip Sousa","Karinska",1
"John Philip Sousa","Mark Stanley",3
"John Taras","Aaron Copland",3
"John Taras","Alexis Roland-Manuel",3
"John Taras","André Levasseur",3
"John Taras","Arthur Honnegger",3
"John Taras","Claude Debussy",3
"John Taras","Daniel Lesur",3
"John Taras","Darius Milhaud",3
"John Taras","David Hays",3
"John Taras","Elliott Carter",3
"John Taras","Esteban Francés",3
"John Taras","Felix Labisse",3
"John Taras","Francis Poulenc",3
"John Taras","Franz Joseph Haydn",3
"John Taras","Franz Schubert",3
"John Taras","George Balanchine",3
"John Taras","Georges Auric",3
"John Taras","Germaine Tailleferre",1
"John Taras","Henri Sauguet",3
"John Taras","Igor Stravinsky",3
"John Taras","Jacques d’Amboise",3
"John Taras","Jean-Michel Damase",3
"John Taras","Joan Junyer",1
"John Taras","John Braden",3
"John Taras","Jules Fisher",3
"John Taras","Karinska",1
"John Taras","Kermit Love",3
"John Taras","Maurice Ravel",3
"John Taras","Peter Harvey",3
"John Taras","Pyotr Ilyich Tchaikovsky",3
"John Taras","Raoul Pene Du Bois",3
"John Taras","Ronald Bates",3
"John Taras","Rouben Ter-Arutunian",3
"John Taras","Ruth Sobotka",1
"John Taras","Various composers",1
"John Taras","Vera Zorina",1
"John Taras","Vittorio Rieti",3
"Jon Morrell","Jon Morrell",3
"Jorma Elo","Antonio Vivaldi",3
"Jorma Elo","Heinrich Ignaz Franz von Biber",3
"Jorma Elo","Holly Hynes",3
"Jorma Elo","Mark Stanley",3
"Josef Sudek","Mark Mongold",3
"Joseph Duell","Darius Milhaud",3
"Joseph Duell","Hershy Kay",3
"Joseph Duell","Pyotr Ilyich Tchaikovsky",3
"JR","Lil Buck",1
"JR","Marc Happel",3
"JR","Mark Stanley",3
"JR","Peter Martins",3
"JR","Woodkid",3
"Judanna Lynn","Beowulf Boritt",1
"Judd Greenstein","Mark Stanley",3
"Judd Greenstein","Thom Browne",3
"Jules Fisher","Raoul Pene Du Bois",3
"Julius Lurnsden15)","Robin Wagner",1
"Juriaan Andriessen","Jantzen",1
"Justin Peck","Aaron Copland",3
"Justin Peck","Bohuslav Martinů",3
"Justin Peck","Bohuslav Martinů",3
"Justin Peck","Brandon Stirling Baker",3
"Justin Peck","Bryce Dessner",3
"Justin Peck","César Franck",3
"Justin Peck","Dan Deacon",3
"Justin Peck","Dries Van Noten",3
"Justin Peck","Harriet Jung",1
"Justin Peck","Humberto Leon",3
"Justin Peck","Igor Stravinsky",3
"Justin Peck","Janie Taylor",1
"Justin Peck","Jennifer Tipton",1
"Justin Peck","Jules de Balincourt",3
"Justin Peck","Justin Peck",3
"Justin Peck","Justin Peck;",3
"Justin Peck","Karl Jensen",3
"Justin Peck","Leonard Bernstein",3
"Justin Peck","Lukas Foss",3
"Justin Peck","Marc Happel",3
"Justin Peck","Marcel Dzama",3
"Justin Peck","Mark Dancigers ",3
"Justin Peck","Mark Stanley",3
"Justin Peck","Mary Katrantzou",1
"Justin Peck","Michael P. Atkinson",3
"Justin Peck","Nico Muhly",3
"Justin Peck","Philip Glass",3
"Justin Peck","Prabal Gurung",3
"Justin Peck","Reid Bartelme",3
"Justin Peck","Stephen Powers",3
"Justin Peck","Steve Reich",3
"Justin Peck","Sufjan Stevens",3
"Justin Peck","Timo Andres",3
"Justin Peck","Tsumori Chisato",1
"Kamran Ince","Holly Hynes",3
"Kamran Ince","Mark Stanley",3
"Kanye West","Dan Scully",3
"Kanye West","Giles Deacon",3
"Kanye West","James Blake",3
"Kanye West","Jay-Z",3
"Karinska","David Ffolkes",1
"Karinska","David Hays",1
"Karinska","Esteban Francés",1
"Karinska","Gaston Longchamp",1
"Karinska","Horace Armistead",1
"Karinska","James Stewart Morcom",1
"Karinska","Jean Rosenthal",2
"Karinska","John Boyt",1
"Karinska","Marc Chagall",1
"Karinska","Peter Harvey",1
"Karinska","Robert Drew",1
"Karinska","Rouben Ter-Arutunian",1
"Kate","Laura Mulleavy of Rodarte",2
"Keith Martin","Keith Martin",3
"Keith Martin","Robert Drew",3
"Kermit Love","Kermit Love",3
"Kermit Love","Oliver Smith",3
"Kevin O'Day","Carole Divet",1
"Kevin O'Day","Graham Fitkin",3
"Kevin O'Day","Holly Hynes",3
"Kevin O'Day","John King",3
"Kevin O'Day","Mark Stanley",3
"Kevin O'Day","Paul Hindemith",3
"Kevin O'Day","Sergei Prokofiev",3
"Kevin O’Day","Antonín Dvořák",3
"Kim Brandstrup","Claude Debussy",1
"Kim Brandstrup","Jean Kalman",2
"Kim Brandstrup","Marc Happel",1
"Kirsten Lund Nielsen","Per Kirkeby",1
"Kurt Atterberg","Holly Hynes",3
"Kurt Atterberg","Lars-Erik Larsson",3
"Kurt Atterberg","Mark Stanley",3
"Kurt Seligmann","Kurt Seligmann",3
"Kurt Weill","Beowulf Boritt",3
"Kurt Weill","Jason Kantrowitz",3
"Kurt Weill","Judanna Lynn",1
"Kurt Weill","Rouben Ter-Arutunian",3
"Kyle Abraham","Dan Scully",3
"Kyle Abraham","Giles Deacon",3
"Kyle Abraham","James Blake",3
"Kyle Abraham","Jay-Z",3
"Kyle Abraham","Kanye West",3
"Kyle Abraham","Nico Muhly",3
"Lar Lubovitch","Barbara Matera",1
"Lar Lubovitch","Ferde Grofé",3
"Lar Lubovitch","George Gershwin",3
"Lar Lubovitch","Mark Stanley",3
"Lars-Erik Larsson","Holly Hynes",3
"Lars-Erik Larsson","Mark Stanley",3
"Laura Dean","Holly Hynes",1
"Laura Dean","Mark Stanley",1
"Laura Dean","Steve Reich",1
"Lauren Lovette","Fernando Garcia",1
"Lauren Lovette","Laura Kim",2
"Lauren Lovette","Mark Stanley",1
"Lauren Lovette","Michael Nyman",1
"Lauren Lovette","Narciso Rodriguez",1
"Lauren Lovette","Robert Schumann",1
"Lauren Lovette","Tan Dun",1
"Lauren Lovette","Zac Posen",1
"Leo Delibes","David Hays",3
"Leo Delibes","Karinska",1
"Léo Delibes","Jean Rosenthal",1
"Léo Delibes","Karinska",1
"Léo Delibes","Mark Stanley",3
"Léo Delibes","Ronald Bates",3
"Léo Delibes","Rouben Ter-Arutunian",3
"Leon Minkus","Karinska",1
"Leonard Bernstein","Beowulf Boritt",3
"Leonard Bernstein","Brandon Stirling Baker",3
"Leonard Bernstein","Catherine Barinas",1
"Leonard Bernstein","Harriet Jung",1
"Leonard Bernstein","Irene Sharaff",1
"Leonard Bernstein","Jean Rosenthal",1
"Leonard Bernstein","Jennifer Tipton",1
"Leonard Bernstein","Jerry Bock",3
"Leonard Bernstein","Joseph Altuzarra",3
"Leonard Bernstein","Kermit Love",3
"Leonard Bernstein","Mark Stanley",3
"Leonard Bernstein","Morton Gould",3
"Leonard Bernstein","Oliver Smith",3
"Leonard Bernstein","Patricia Zipprodt",1
"Leonard Bernstein","Penny Jacobus",1
"Leonard Bernstein","Reid Bartelme",3
"Leonard Bernstein","Richard Rodgers",3
"Leonard Bernstein","Ronald Bates",3
"Leonard Bernstein","Rouben Ter-Arutunian",3
"Leonard Bernstein","Stephen Powers",3
"Leonard Bernstein","Stephen Sondheim",3
"Leonard Bernstein","Styne",3
"Leonard Bernstein","Toni-Leslie James",1
"Leonid Desyatnikov","Galina Solovyeva",1
"Leonid Desyatnikov","Keso Dekker",3
"Leonid Desyatnikov","Mark Stanley",3
"Leslie Stuck","Barbara Matera",2
"Leslie Stuck","Cara Perlman",2
"Leslie Stuck","Mark Stanley",1
"Leslie Stuck","William Forsythe",1
"Lev Ivanov","Cecil Beaton",3
"Lev Ivanov","George Balanchine",3
"Lev Ivanov","Jean Rosenthal",1
"Lev Ivanov","Mark Stanley",3
"Lev Ivanov","Per Kirkeby",3
"Lev Ivanov","Pyotr Ilyich Tchaikovsky",3
"Lew Christensen","Ben Benson",3
"Lew Christensen","Benjamin Britten",3
"Lew Christensen","Esteban Francés",3
"Lew Christensen","Gioacchino Rossini",3
"Lew Christensen","Igor Stravinsky",3
"Lew Christensen","James Bodrero",3
"Lew Christensen","Jean Rosenthal",1
"Lew Christensen","Lincoln Kirstein",3
"Lew Christensen","Ronald Bates",3
"Lew Christensen","Russell Hartley",3
"Lew Christensen","Virgil Thomson",3
"Liam Scarlett","Francis Poulenc",3
"Liam Scarlett","Franz Liszt",3
"Liam Scarlett","Liam Scarlett",3
"Liam Scarlett","Marc Happel",3
"Liam Scarlett","Mark Stanley",3
"Liam Scarlett","Sarah Burton",1
"Lil Buck","Marc Happel",1
"Lil Buck","Mark Stanley",1
"Lil Buck","Peter Martins",1
"Lil Buck","Woodkid",1
"Lorca Massine","Claude Debussy",3
"Lorca Massine","Igor Stravinsky",3
"Lorca Massine","Irene Sharaff",1
"Lorca Massine","Richard Strauss",3
"Lorca Massine","Ronald Bates",3
"Lou Harrison","Marc Happel",1
"Lou Harrison","Penny Jacobus",2
"Louis Moreau Gottschalk","Hershy Kay",3
"Louis Moreau Gottschalk","Karinska",1
"Louis Moreau Gottschalk","Mark Stanley",3
"Louis Moreau Gottschalk;","Hershy Kay",3
"Louis Moreau Gottschalk;","Jean Rosenthal",1
"Louis Moreau Gottschalk;","Keith Martin",3
"Louis Moreau Gottschalk;","Robert Drew",3
"Lucy Carter","Lucy Carter",2
"Lucy Carter","Moritz Junge",1
"Lucy Carter","Wayne McGregor",1
"Ludwig van Beethoven","Florence Klotz",1
"Ludwig van Beethoven","Gaston Longchamp",3
"Ludwig van Beethoven","Heather Watts",1
"Ludwig van Beethoven","Isaac Mizrahi",3
"Ludwig van Beethoven","Jean Rosenthal",1
"Ludwig van Beethoven","Jennifer Tipton",1
"Ludwig van Beethoven","Mark Stanley",3
"Ludwig van Beethoven","Martin Pakledinaez",3
"Ludwig van Beethoven","Robert Fletcher",3
"Ludwig van Beethoven","Ronald Bates",3
"Ludwig Van Beethoven","Florence Klotz",1
"Ludwig Van Beethoven","Ronald Bates",3
"Luigi Boccherini","Edward Elgar",3
"Luigi Boccherini","Mark Stanley",3
"Luigi Boccherini","Peteris Vasks",3
"Luigi Boccherini","Rosie Assoulin",1
"Lukas Foss","Barbara Matera",1
"Lukas Foss","Mark Stanley",3
"Lukas Foss","Prabal Gurung",3
"Lukas Foss","Virgil Abloh of Off-White™",3
"Lynne Taylor-Corbett","Beowulf Boritt",1
"Lynne Taylor-Corbett","Francesco Geminiani",1
"Lynne Taylor-Corbett","Franz Joseph Haydn",1
"Lynne Taylor-Corbett","Holly Hynes",1
"Lynne Taylor-Corbett","Jason Kantrowitz",1
"Lynne Taylor-Corbett","Judanna Lynn",2
"Lynne Taylor-Corbett","Kurt Weill",1
"Lynne Taylor-Corbett","Mark Stanley",1
"Lynne Taylor-Corbett","Michael Zansky",1
"Marc Happel","Rustam Khamdamov",3
"Marc Happel","Santiago Calatrava",3
"Marc Happel","Satiago Calatrava",3
"Marc-André Dalbavie","Gilles Mendel",3
"Marc-André Dalbavie","Mark Stanley",3
"Marc-Olivier Dupin","Holly Hynes",3
"Marc-Olivier Dupin","Mark Stanley",3
"Marcel Dzama","Marcel Dzama",3
"Marie-Joseph Canteloube De Malaret","Alain Vaes",3
"Marie-Joseph Canteloube De Malaret","Marie-Joseph Canteloube De Malaret",3
"Marie-Joseph Canteloube De Malaret","Ronald Bates",3
"Marius Petipa","Alexandra Danilova",1
"Marius Petipa","David Mitchell",3
"Marius Petipa","George Balanchine",3
"Marius Petipa","Karinska",1
"Marius Petipa","Léo Delibes",3
"Marius Petipa","Lev Ivanov",3
"Marius Petipa","Mark Stanley",3
"Marius Petipa","Patricia Zipprodt",1
"Marius Petipa","Per Kirkeby",3
"Marius Petipa","Pyotr Ilyich Tchaikovsky",3
"Marius Petipa","Rouben Ter-Arutunian",3
"Mark Dancigers ","Brandon Stirling Baker",3
"Mark Dancigers ","Harriet Jung",1
"Mark Dancigers ","Reid Bartelme",3
"Mark Mongold","Holly Hynes",3
"Mark Morris","George Gershwin  ",3
"Mark Morris","Isaac Mizrahi",3
"Mark Morris","James F. Ingalls",3
"Mark O'Connor","Holly Hynes",3
"Mark O'Connor","Mark Stanley",3
"Mark Stanley","Adeline Andre",1
"Mark Stanley","Alain Vaes",3
"Mark Stanley","Alain Vaës",3
"Mark Stanley","Alberta Feretti",1
"Mark Stanley","André Bauchant",3
"Mark Stanley","Angela Kostritzky",1
"Mark Stanley","Anna Sui",1
"Mark Stanley","April Gornik",1
"Mark Stanley","Barbara Matera",1
"Mark Stanley","Ben Benson",3
"Mark Stanley","Beowulf Boritt",3
"Mark Stanley","Cara Perlman",1
"Mark Stanley","Carlos Campos",3
"Mark Stanley","Carole Divet",1
"Mark Stanley","Carolina Herrera",1
"Mark Stanley","Catherine Barinas",1
"Mark Stanley","David Hays",3
"Mark Stanley","David Mitchell",3
"Mark Stanley","Drew Miller",3
"Mark Stanley","Dries Van Noten",3
"Mark Stanley","Emilio Sosa",3
"Mark Stanley","Esteban Francés",3
"Mark Stanley","Eugene Berman",3
"Mark Stanley","Fernando Garcia",3
"Mark Stanley","Galina Solovyeva",1
"Mark Stanley","Gareth Pugh",3
"Mark Stanley","Gary Lisz",3
"Mark Stanley","Gaston Longchamp",3
"Mark Stanley","Gianni Versace",3
"Mark Stanley","Gilles Mendel",3
"Mark Stanley","Harriet Jung",1
"Mark Stanley","Heather Watts",1
"Mark Stanley","Herve-Pierre",3
"Mark Stanley","Holly Hynes",3
"Mark Stanley","Horace Armistead",3
"Mark Stanley","Humberto Leon",3
"Mark Stanley","Ian Falconer",3
"Mark Stanley","Ines Alda",1
"Mark Stanley","Iris Van Herpen",1
"Mark Stanley","Isamu Noguchi",3
"Mark Stanley","James Buckhouse",3
"Mark Stanley","Janie Taylor",1
"Mark Stanley","Jason Wu",3
"Mark Stanley","Jean Rosenthal",1
"Mark Stanley","Jonathan Saunders",3
"Mark Stanley","Josef Sudek",3
"Mark Stanley","Jules de Balincourt",3
"Mark Stanley","Julius Lumsden",3
"Mark Stanley","Julius Lurnsden15)",3
"Mark Stanley","Justin Peck",3
"Mark Stanley","Karinska",1
"Mark Stanley","Katy Tucker",1
"Mark Stanley","Keso Dekker",3
"Mark Stanley","Kirsten Lund Nielsen",1
"Mark Stanley","Kurt Seligmann",3
"Mark Stanley","Laura Kim",1
"Mark Stanley","Leslie Sardinas",1
"Mark Stanley","Liam Scarlett",3
"Mark Stanley","Liliana Casabal",1
"Mark Stanley","Marc Chagall",3
"Mark Stanley","Marc Happel",3
"Mark Stanley","Mark Mongold",3
"Mark Stanley","Mark Stanley",3
"Mark Stanley","Marta Marques",1
"Mark Stanley","Martin Pakledinaez",3
"Mark Stanley","Martin Pakledinaz",3
"Mark Stanley","Mary Jane Marcasiano",1
"Mark Stanley","Mary Katrantzou",1
"Mark Stanley","Mauro Bigonzetti",3
"Mark Stanley","Maya Schweizer",1
"Mark Stanley","Melissa Barak",1
"Mark Stanley","Michael Nagle",3
"Mark Stanley","Michael Zansky",3
"Mark Stanley","Narciso Rodriguez",3
"Mark Stanley","Olivier Theyskens",3
"Mark Stanley","Oscar de la Renta",3
"Mark Stanley","Otto Bubeníček",3
"Mark Stanley","Pamela Allen Cummings",1
"Mark Stanley","Patricia Zipprodt",1
"Mark Stanley","Paulo Almeida",3
"Mark Stanley","Per Kirkeby",3
"Mark Stanley","Perry Silvey",3
"Mark Stanley","Peter Harvey",3
"Mark Stanley","Prabal Gurung",3
"Mark Stanley","Rachel Quarmby-Spadaccini",1
"Mark Stanley","Reid Bartelme",3
"Mark Stanley","Robin Wagner",1
"Mark Stanley","Rosie Assoulin",1
"Mark Stanley","Rouben Ter-Arutunian",3
"Mark Stanley","Rustam Khamdamov",3
"Mark Stanley","Santiago Calatrava",3
"Mark Stanley","Santo Loquasto",3
"Mark Stanley","Sarah Burton",1
"Mark Stanley","Satiago Calatrava",3
"Mark Stanley","Slava Okunev",3
"Mark Stanley","Stella McCartney",1
"Mark Stanley","Steven Rubin",3
"Mark Stanley","Susan Tammany",1
"Mark Stanley","Thom Browne",3
"Mark Stanley","Toni-Leslie James",1
"Mark Stanley","Tsumori Chisato",1
"Mark Stanley","Valentino",3
"Mark Stanley","Virgil Abloh of Off-White™",3
"Mark Stanley","William Forsythe",3
"Mark Stanley","William Ivey Long",3
"Mark Stanley","Zac Posen",3
"Mark Stanley","Zuhair Murad",3
"Mark Zappone","Jean-Marc Puissant",3
"Marta Marques","Paulo Almeida",1
"Martin Pakledinaz","James Buckhouse",3
"Mary Jane Marcasiano","April Gornik",2
"Mary Jane Marcasiano","Holly Hynes",1
"Mary Jeanne Van Appledorn","Alain Vaes",1
"Mary Jeanne Van Appledorn","Mark Stanley",1
"Mary Katrantzou","Marc Happel",1
"Mary Louise Geiger","Jean-Marc Puissant",1
"Mary Louise Geiger","Mark Zappone",1
"Mary Louise Geiger","Reid Bartelme",1
"Mason Bates","Marc Happel",3
"Mason Bates","Mark Stanley",3
"Mathew Fuerst","Carole Divet",1
"Mathew Fuerst","Mark Stanley",3
"Matthew Neenan","Antonín Dvořák",3
"Matthew Neenan","Gareth Pugh",3
"Matthew Neenan","Mark Stanley",3
"Maurice Ravel","Aline Bernstein",1
"Maurice Ravel","André Derain",3
"Maurice Ravel","Erté",3
"Maurice Ravel","Hanako Maeda",1
"Maurice Ravel","Jean Rosenthal",1
"Maurice Ravel","Jennifer Tipton",1
"Maurice Ravel","Joe Eula",3
"Maurice Ravel","John Braden",3
"Maurice Ravel","Karinska",1
"Maurice Ravel","Kermit Love",3
"Maurice Ravel","Marc Happel",3
"Maurice Ravel","Mark Stanley",3
"Maurice Ravel","Michael Avedon",3
"Maurice Ravel","Parmalee Wells",3
"Maurice Ravel","Ronald Bates",3
"Maurice Ravel","Rouben Ter-Arutunian",3
"Maurice Ravel","Stanley Simmons",3
"Maurice Ravel  ","Dorothea Tanning",1
"Mauro Bigonzetti","Bruno Moretti",3
"Mauro Bigonzetti","Julius Lumsden",3
"Mauro Bigonzetti","Marc Happel",3
"Mauro Bigonzetti","Mark Stanley",3
"Mauro Bigonzetti","Mauro Bigonzetti",3
"Mauro Bigonzetti","Santiago Calatrava",3
"Max Richter","Clyde Otis",3
"Max Richter","Mary Louise Geiger",1
"Max Richter","Reid Bartelme",3
"Melissa Barak","Benjamin Britten",1
"Melissa Barak","Dmitri Shostakovich",1
"Melissa Barak","Georg Philipp Telemann",1
"Melissa Barak","Gilles Mendel",1
"Melissa Barak","Holly Hynes",1
"Melissa Barak","Jay Greenberg",1
"Melissa Barak","Mark Stanley",1
"Melissa Barak","Melissa Barak",2
"Melissa Barak","Santiago Calatrava",1
"Merce Cunningham","Morton Feldman",3
"Merce Cunningham","Robert Rauschenberg",3
"Merce Cunningham","Ronald Bates",3
"Michael Fokine","Frédéric Chopin",3
"Michael Fokine","Ronald Bates",3
"Michael Nyman","Fernando Garcia",3
"Michael Nyman","Jean-Marc Puissant",3
"Michael Nyman","Jennifer Tipton",1
"Michael Nyman","Laura Kim",1
"Michael Nyman","Mark Stanley",3
"Michael P. Atkinson","Brandon Stirling Baker",3
"Michael P. Atkinson","Janie Taylor",1
"Michael P. Atkinson","Justin Peck;",3
"Michael P. Atkinson","Karl Jensen",3
"Michael Torke","Holly Hynes",3
"Michael Torke","Mark Stanley",3
"Michael Torke","Philip Johnson,",3
"Michael Torke","Steven Rubin",3
"Mikhail Glinka","Esteban Francés",3
"Mikhail Glinka","Holly Hynes",3
"Mikhail Glinka","Jean Rosenthal",1
"Mikhail Glinka","Karinska",1
"Mikhail Glinka","Mark Stanley",3
"Miriam Mahdaviani","Aaron Jay Kernis",1
"Miriam Mahdaviani","Arcangelo Corelli",1
"Miriam Mahdaviani","Claude Debussy",1
"Miriam Mahdaviani","David Diamond",1
"Miriam Mahdaviani","Edgar Meyer",1
"Miriam Mahdaviani","Holly Hynes",1
"Miriam Mahdaviani","Mark O'Connor",1
"Miriam Mahdaviani","Mark Stanley",1
"Miriam Mahdaviani","Oliver Knussen",1
"Miriam Mahdaviani","Richard Danielpour",1
"Miriam Mahdaviani","Witold Lutoslawski",1
"Modest Mussorgsky","Adeline Andre",1
"Modest Mussorgsky","Mark Stanley",3
"Moritz Junge","Lucy Carter",1
"Moritz Junge","Wayne McGregor",3
"Morton Feldman","Robert Rauschenberg",3
"Morton Feldman","Ronald Bates",3
"Morton Gould","Beowulf Boritt",3
"Morton Gould","Florence Klotz",1
"Morton Gould","Karinska",1
"Morton Gould","Mark Stanley",3
"Morton Gould","Richard Rodgers",3
"Morton Gould","Ronald Bates",3
"Morton Gould","Santo Loquasto",3
"Morton Gould","Styne",3
"Morton Gould","Toni-Leslie James",1
"Myles Thatcher","Mark Stanley",3
"Myles Thatcher","William Walton",3
"Myles Thatcher","Zuhair Murad",3
"Nananne Porcher","Karinska",2
"Natasha Katz","Adrianne Lobel",2
"Natasha Katz","Holly Hynes",1
"Natasha Katz","Jon Morrell",1
"Nico Muhly","Dan Scully",3
"Nico Muhly","Giles Deacon",3
"Nico Muhly","Harriet Jung",1
"Nico Muhly","Iris Van Herpen",1
"Nico Muhly","James Blake",3
"Nico Muhly","Jay-Z",3
"Nico Muhly","Kanye West",3
"Nico Muhly","Kate",1
"Nico Muhly","Laura Mulleavy of Rodarte",1
"Nico Muhly","Mark Stanley",3
"Nico Muhly","Reid Bartelme",3
"Nico Muhly","Roderick Murray",3
"Nicolas Benois","Nicolas Benois",3
"Nicolas Blanc","Marc Happel",3
"Nicolas Blanc","Mark Stanley",3
"Nicolas Blanc","Mason Bates",3
"Nilas Martins","Alain Vaes",3
"Nilas Martins","August Bournonville",3
"Nilas Martins","Ben Benson",3
"Nilas Martins","Edvard Helsted",3
"Nilas Martins","Holger Simon Paulli",3
"Nilas Martins","Mark Stanley",3
"Nilas Martins","Ronald Bates",3
"Nino Rota","Carole Divet",1
"Nino Rota","Mark Stanley",3
"Oliver Davis","Anna Sui",1
"Oliver Davis","Marc Happel",3
"Oliver Davis","Mark Stanley",3
"Oliver Knussen","Aaron Jay Kernis",3
"Otto Bubeniček","Mark Stanley",3
"Otto Bubeniček","Otto Bubeníček",3
"Ottorino Respighi","Barbara Matera",1
"Ottorino Respighi","Mark Stanley",3
"Pam Tanowitz","Béla Bartόk",1
"Pam Tanowitz","Harriet Jung",2
"Pam Tanowitz","Mark Stanley",1
"Pam Tanowitz","Reid Bartelme",1
"Patricia Zipprodt","David Mitchell",1
"Patricia Zipprodt","David Reppa",1
"Patricia Zipprodt","Jerome Robbins",1
"Patricia Zipprodt","Oliver Smith",1
"Patricia Zipprodt","Rouben Ter-Arutunian",1
"Paul Hindemith","Ben Benson",3
"Paul Hindemith","Holly Hynes",3
"Paul Hindemith","Jean Rosenthal",1
"Paul Hindemith","John Braden",3
"Paul Hindemith","Karinska",1
"Paul Hindemith","Kurt Seligmann",3
"Paul Hindemith","Mark Stanley",3
"Paul Hindemith","Ronald Bates",3
"Paul McCartney","Katy Tucker",1
"Paul McCartney","Mark Stanley",3
"Paul McCartney","Perry Silvey",3
"Paul McCartney","Stella McCartney",1
"Paul Mejia","Andrezej Panufnik",3
"Paul Mejia","Barbara Matera",1
"Paul Mejia","Mark Stanley",3
"Paul Schwartz","Mark Stanley",3
"Paul Schwartz","Steven Rubin",3
"Paul Taylor","Charles Ives",3
"Penny Jacobus","Harriet Jung",2
"Penny Jacobus","Holly Hynes",1
"Penny Jacobus","Joseph Altuzarra",1
"Penny Jacobus","Karen Young",2
"Penny Jacobus","Marc Happel",1
"Penny Jacobus","Reid Bartelme",1
"Per Kirkeby","Kirsten Lund Nielsen",1
"Per Kirkeby","Per Kirkeby",3
"Perry Silvey","Katy Tucker",1
"Peter Gennaro","Irene Sharaff",1
"Peter Gennaro","Jennifer Tipton",1
"Peter Gennaro","Leonard Bernstein",3
"Peter Gennaro","Oliver Smith",3
"Peter Gennaro","Stephen Sondheim",3
"Peter Harvey","Esteban Francés",3
"Peter Harvey","Peter Harvey",3
"Peter Ilyich Tschaikovsky","Mark Stanley",3
"Peter Ilyich Tschaikovsky","Slava Okunev",3
"Peter Ilyitch Tshaikovsky","Holly Hynes",3
"Peter Ilyitch Tshaikovsky","Mark Stanley",3
"Peter Larkin","David Hays",3
"Peter Larkin","Peter Larkin",3
"Peter Martins","Alain Vaes",3
"Peter Martins","Alain Vaës",3
"Peter Martins","Astor Piazzolla",3
"Peter Martins","August Bournonville",3
"Peter Martins","Barbara Matera",1
"Peter Martins","Ben Benson",3
"Peter Martins","Carl Nielsen",3
"Peter Martins","Carole Divet",1
"Peter Martins","Carolina Herrera",1
"Peter Martins","Catherine Barinas",1
"Peter Martins","Charles Ives",3
"Peter Martins","Charles Wuorinen",3
"Peter Martins","Christopher Rouse",3
"Peter Martins","David Mitchell",3
"Peter Martins","Domenico Scarlatti",3
"Peter Martins","Don Sebesky",3
"Peter Martins","Duke Ellington",3
"Peter Martins","Ellen Taaffe Zwilich",1
"Peter Martins","Emilio Sosa",3
"Peter Martins","Eric Satie",3
"Peter Martins","Esa-Pekka Salonen",3
"Peter Martins","Federico Pallavicini",3
"Peter Martins","Felix Mendelssohn",3
"Peter Martins","Francis Poulenc",3
"Peter Martins","Franz Schubert",3
"Peter Martins","Fred Astaire",3
"Peter Martins","Fred Astaire and Van Phillips",3
"Peter Martins","Georg Friedrich Händel",3
"Peter Martins","George Balanchine",3
"Peter Martins","George Frederic Handel",3
"Peter Martins","George Gershwin",3
"Peter Martins","George Philipp Teleman",3
"Peter Martins","Georges Auric",3
"Peter Martins","Gilles Mendel",3
"Peter Martins","Gioacchino Rossini",3
"Peter Martins","Giovanni Battista Pergolesi",3
"Peter Martins","Giuseppe Verdi",3
"Peter Martins","Glen Kelly",3
"Peter Martins","Heather Watts",1
"Peter Martins","Heinrich Von Biber",3
"Peter Martins","Herman Severin Løvenskjold",3
"Peter Martins","Holly Hynes",3
"Peter Martins","Ian Falconer",3
"Peter Martins","Igor Stravinsky",3
"Peter Martins","Jean Sibelius",1
"Peter Martins","Jean-Pierre Bonnefoux",3
"Peter Martins","Jennifer Tipton",1
"Peter Martins","Jerome Robbins",3
"Peter Martins","Johann Sebastian Bach",1
"Peter Martins","John Adams",3
"Peter Martins","John Corigliano",3
"Peter Martins","Julius Lurnsden15)",3
"Peter Martins","Katy Tucker",1
"Peter Martins","Kirsten Lund Nielsen",1
"Peter Martins","Leo Delibes",3
"Peter Martins","Leonard Bernstein",3
"Peter Martins","Lev Ivanov",3
"Peter Martins","Liliana Casabal",1
"Peter Martins","Ludwig van Beethoven",3
"Peter Martins","Marc Happel",3
"Peter Martins","Marc-André Dalbavie",3
"Peter Martins","Marc-Olivier Dupin",3
"Peter Martins","Marie-Joseph Canteloube De Malaret",3
"Peter Martins","Marius Petipa",3
"Peter Martins","Mark Stanley",3
"Peter Martins","Michael Torke",3
"Peter Martins","Mikhail Glinka",3
"Peter Martins","Oscar de la Renta",3
"Peter Martins","Patricia Zipprodt",1
"Peter Martins","Paul McCartney",3
"Peter Martins","Per Kirkeby",3
"Peter Martins","Perry Silvey",3
"Peter Martins","Pēteris Vasks",3
"Peter Martins","Philip Johnson,",3
"Peter Martins","Pyotr Ilyich Tchaikovsky",3
"Peter Martins","Ray Charles",3
"Peter Martins","Riccardo Drigo",3
"Peter Martins","Richard Rodgers",3
"Peter Martins","Richard Strauss",3
"Peter Martins","Robert La Fosse",3
"Peter Martins","Robert Schumann",3
"Peter Martins","Robin Wagner",1
"Peter Martins","Ronald Bates",3
"Peter Martins","Rouben Ter-Arutunian",3
"Peter Martins","Samuel Barber",3
"Peter Martins","Santiago Calatrava",3
"Peter Martins","Santo Loquasto",3
"Peter Martins","Sergei Prokofiev",3
"Peter Martins","Sergei Rachmaninoff",3
"Peter Martins","Sir William Walton",3
"Peter Martins","Stella McCartney",1
"Peter Martins","Steven Rubin",3
"Peter Martins","Susan Tammany",1
"Peter Martins","Unico Wilhelm Graf van Wassenaer",3
"Peter Martins","Valentino",3
"Peter Martins","Van Phillips",3
"Peter Martins","Various",1
"Peter Martins","William Ivey Long",3
"Peter Martins","Wolfgang Amadeus Mozart",3
"Peter Martins","Woodkid",3
"Peter Martins","Wynton Marsalis",3
"Peter Martins","Yuli Turovsky",3
"Peter Walker","Jason Wu",3
"Peter Walker","Marc Happel",3
"Peter Walker","Mark Stanley",3
"Peter Walker","Oliver Davis",3
"Peter Walker","Thomas Kikta",3
"Peteris Vasks","Mark Stanley",3
"Peteris Vasks","Rosie Assoulin",1
"Pēteris Vasks","Catherine Barinas",1
"Pēteris Vasks","Mark Stanley",3
"Philip Glass","Ben Benson",3
"Philip Glass","Holly Hynes",3
"Philip Glass","Jerome Robbins",3
"Philip Glass","Justin Peck",3
"Philip Glass","Marc Happel",3
"Philip Glass","Mark Stanley",3
"Philip Glass","Ronald Bates",3
"Pierre Henry","Ronald Bates",3
"Pierre Henry","Rouben Ter-Arutunian",3
"Pontus Lidberg","David Lang",3
"Pontus Lidberg","Mark Stanley",3
"Pontus Lidberg","Rachel Quarmby-Spadaccini",1
"Pyotr Ilyich Tchaikovsky","Barbara Matera",1
"Pyotr Ilyich Tchaikovsky","Ben Benson",3
"Pyotr Ilyich Tchaikovsky","Cecil Beaton",3
"Pyotr Ilyich Tchaikovsky","David Hays",3
"Pyotr Ilyich Tchaikovsky","David Mitchell",3
"Pyotr Ilyich Tchaikovsky","Gary Lisz",3
"Pyotr Ilyich Tchaikovsky","Gaston Longchamp",3
"Pyotr Ilyich Tchaikovsky","Horace Armistead",3
"Pyotr Ilyich Tchaikovsky","Jack Owen Brown",3
"Pyotr Ilyich Tchaikovsky","Jean Rosenthal",1
"Pyotr Ilyich Tchaikovsky","Joe Eula",3
"Pyotr Ilyich Tchaikovsky","John Braden",3
"Pyotr Ilyich Tchaikovsky","Karinska",1
"Pyotr Ilyich Tchaikovsky","Marc Happel",3
"Pyotr Ilyich Tchaikovsky","Mark Stanley",3
"Pyotr Ilyich Tchaikovsky","Nananne Porcher",1
"Pyotr Ilyich Tchaikovsky","Nicolas Benois",3
"Pyotr Ilyich Tchaikovsky","Patricia Zipprodt",1
"Pyotr Ilyich Tchaikovsky","Per Kirkeby",3
"Pyotr Ilyich Tchaikovsky","Peter Harvey",3
"Pyotr Ilyich Tchaikovsky","Ronald Bates",3
"Pyotr Ilyich Tchaikovsky","Rouben Ter-Arutunian",3
"Pyotr Ilyich Tchaikovsky","Stan Pressner",3
"Pyotr Ilyich Tchaikovsky","Valentino",3
"Raoul Pene Du Bois","Raoul Pene Du Bois",3
"Ray Charles","Barbara Matera",1
"Ray Charles","Mark Stanley",3
"Reid Bartelme","Harriet Jung",1
"Reid Bartelme","Jules de Balincourt",3
"Reid Bartelme","Justin Peck",3
"Reid Bartelme","Stephen Powers",3
"Remi Gassmann","Oskar Sala",3
"Riccardo Drigo","Ben Benson",3
"Riccardo Drigo","David Mitchell",3
"Riccardo Drigo","Mark Stanley",3
"Riccardo Drigo","Rouben Ter-Arutunian",3
"Richard Arnell","Horace Armistead",3
"Richard Arnell","Jean Rosenthal",1
"Richard Danielpour","Holly Hynes",3
"Richard Danielpour","Mark Stanley",3
"Richard Einhorn","Holly Hynes",3
"Richard Einhorn","Mark Stanley",3
"Richard Peaslee","Howell Binkley",3
"Richard Peaslee","William Ivey Long",3
"Richard Rodgers","Beowulf Boritt",3
"Richard Rodgers","Don Sebesky",3
"Richard Rodgers","Glen Kelly",3
"Richard Rodgers","Hershy Kay",3
"Richard Rodgers","Holly Hynes",3
"Richard Rodgers","Irene Sharaff",1
"Richard Rodgers","Jo Mielziner",1
"Richard Rodgers","Julius Lurnsden15)",3
"Richard Rodgers","Mark Stanley",3
"Richard Rodgers","Robin Wagner",1
"Richard Rodgers","Styne",3
"Richard Rodgers","Toni-Leslie James",1
"Richard Rodgers","William David Brohn",3
"Richard Strauss","Alain Vaës",3
"Richard Strauss","Carole Divet",1
"Richard Strauss","Carolina Herrera",1
"Richard Strauss","Esteban Francés",3
"Richard Strauss","Jean Rosenthal",1
"Richard Strauss","Karinska",1
"Richard Strauss","Mark Stanley",3
"Richard Strauss","Ronald Bates",3
"Richard Strauss","Rouben Ter-Arutunian",3
"Richard Tanner","Alain Vaes",3
"Richard Tanner","Arnold Schoenberg",3
"Richard Tanner","Barbara Matera",1
"Richard Tanner","Carl Maria von Weber",3
"Richard Tanner","Carole Divet",1
"Richard Tanner","Charles Wuorinen",3
"Richard Tanner","Edgar Varèse",3
"Richard Tanner","Ernst von Dohnanyi",3
"Richard Tanner","Franz Schubert",3
"Richard Tanner","Holly Hynes",3
"Richard Tanner","Igor Stravinsky",3
"Richard Tanner","John Cage",3
"Richard Tanner","Mark Mongold",3
"Richard Tanner","Mark Stanley",3
"Richard Tanner","Nino Rota",3
"Richard Tanner","Ottorino Respighi",3
"Richard Tanner","Ronald Bates",3
"Richard Tanner","Sergei Prokofiev",3
"Richard Tanner","Stanley Simmons",3
"Richard Tanner","Steven Rubin",3
"Richard Tanner","Wolfgang Amadeus Mozart",3
"Robert Binet","Hanako Maeda",1
"Robert Binet","Marc Happel",3
"Robert Binet","Maurice Ravel",3
"Robert Drew","Keith Martin",3
"Robert Drew","Robert Drew",3
"Robert Fletcher","Gaston Longchamp",3
"Robert Fletcher","Jean Rosenthal",1
"Robert Garland","Mark Stanley",3
"Robert Garland","Pamela Allen Cummings",1
"Robert Garland","Wolfgang Amadeus Mozart",3
"Robert La Fosse","André Ernest Modeste Grétry",3
"Robert La Fosse","Carl Maria von Weber",3
"Robert La Fosse","David Mitchell",3
"Robert La Fosse","Duke Ellington",3
"Robert La Fosse","Edward MacDowell",3
"Robert La Fosse","Eve Beglarian",1
"Robert La Fosse","Franz Liszt",3
"Robert La Fosse","Garth Fagan",3
"Robert La Fosse","Gary Lisz",3
"Robert La Fosse","Mark Stanley",3
"Robert La Fosse","Michael Torke",3
"Robert La Fosse","Pamela Allen Cummings",1
"Robert La Fosse","Philip Johnson,",3
"Robert La Fosse","Pyotr Ilyich Tchaikovsky",3
"Robert La Fosse","Richard Rodgers",3
"Robert La Fosse","Richard Strauss",3
"Robert La Fosse","Robert Garland",3
"Robert La Fosse","Sergei Prokofiev",3
"Robert La Fosse","Stan Pressner",3
"Robert La Fosse","Susan Stroman",1
"Robert La Fosse","Wolfgang Amadeus Mozart",3
"Robert Normandeau","Ake Parmerud",3
"Robert Normandeau","Herve-Pierre",3
"Robert Normandeau","Mark Stanley",3
"Robert Normandeau","Maya Schweizer",1
"Robert Normandeau","Serge Morand",3
"Robert Prince","Ben Shahn",3
"Robert Prince","Florence Klotz",1
"Robert Prince","Jennifer Tipton",1
"Robert Prince","John Braden",3
"Robert Rauschenberg","Robert Rauschenberg",3
"Robert Schumann","Mark Stanley",3
"Robert Schumann","Narciso Rodriguez",3
"Robert Schumann","Rouben Ter-Arutunian",3
"Robert Weiss","Mark Stanley",3
"Robert Weiss","Paul Schwartz",3
"Robert Weiss","Steven Rubin",3
"Roderick Murray","Kate",1
"Roderick Murray","Laura Mulleavy of Rodarte",1
"Roger Kellaway","Irene Sharaff",1
"Roger Kellaway","Jo Mielziner",1
"Rolf Lieberman","Ronald Bates",3
"Ronald Bates","Alain Vaes",3
"Ronald Bates","Aline Bernstein",1
"Ronald Bates","Ardith Haddow",1
"Ronald Bates","Ben Benson",3
"Ronald Bates","David Mitchell",3
"Ronald Bates","Eugene Berman",3
"Ronald Bates","Federico Pallavicini",3
"Ronald Bates","Florence Klotz",1
"Ronald Bates","Irene Sharaff",1
"Ronald Bates","Jean Rosenthal",1
"Ronald Bates","Jerome Robbins",3
"Ronald Bates","Jo Mielziner",1
"Ronald Bates","Joe Eula",3
"Ronald Bates","John Braden",3
"Ronald Bates","Jose Verona",3
"Ronald Bates","Karinska",1
"Ronald Bates","Kermit Love",3
"Ronald Bates","Mark Stanley",3
"Ronald Bates","Michael Avedon",3
"Ronald Bates","Nicolas Benois",3
"Ronald Bates","Oliver Smith",3
"Ronald Bates","Parmalee Wells",3
"Ronald Bates","Peter Harvey",3
"Ronald Bates","Robert Rauschenberg",3
"Ronald Bates","Ronald Bates",3
"Ronald Bates","Rouben Ter-Arutunian",3
"Ronald Bates","Santo Loquasto",3
"Ronald Bates","Saul Steinberg",3
"Ronald Bates","Stanley Simmons",3
"Ronald Bates","Steven Rubin",3
"Rouben Ter-Arutunian","Ben Benson",3
"Rouben Ter-Arutunian","Karinska",1
"Rouben Ter-Arutunian","Rouben Ter-Arutunian",3
"Russell Hartley","Jean Rosenthal",1
"Ruth Sobotka","David Hays",1
"Ruth Sobotka","Jean Rosenthal",2
"Ruthanna Boris","Alvin Colt",1
"Ruthanna Boris","Dmitri Kabalevsky",1
"Ruthanna Boris","Dorothea Tanning",2
"Ruthanna Boris","Hershy Kay",1
"Ruthanna Boris","Jean Rosenthal",2
"Ruthanna Boris","Keith Martin",1
"Ruthanna Boris","Louis Moreau Gottschalk;",1
"Ruthanna Boris","Robert Drew",1
"Ruthanna Boris","Virgil Thomson",1
"Ryoji Ikeda","Ines Alda",1
"Ryoji Ikeda","Mark Stanley",3
"Ryoji Ikeda","Steve Reich",3
"Samuel Barber","Holly Hynes",3
"Samuel Barber","Jean Rosenthal",1
"Samuel Barber","Jennifer Tipton",1
"Samuel Barber","Penny Jacobus",1
"Samuel Barber","Rouben Ter-Arutunian",3
"Samuel Barber","William Ivey Long",3
"Santo Loquasto","Jo Mielziner",1
"Santo Loquasto","Santo Loquasto",3
"Sean Lavery","Drew Miller",3
"Sean Lavery","Mark Stanley",3
"Sean Lavery","Sergei Prokofiev",3
"Serge Morand","Ake Parmerud",3
"Serge Morand","Herve-Pierre",3
"Serge Morand","Mark Stanley",3
"Serge Morand","Maya Schweizer",1
"Sergei Prokofiev","Barbara Matera",1
"Sergei Prokofiev","Ben Benson",3
"Sergei Prokofiev","Carole Divet",1
"Sergei Prokofiev","Drew Miller",3
"Sergei Prokofiev","Esteban Francés",3
"Sergei Prokofiev","Gary Lisz",3
"Sergei Prokofiev","Jean Rosenthal",1
"Sergei Prokofiev","Karinska",1
"Sergei Prokofiev","Kirsten Lund Nielsen",1
"Sergei Prokofiev","Mark Stanley",3
"Sergei Prokofiev","Per Kirkeby",3
"Sergei Prokofiev","Pyotr Ilyich Tchaikovsky",3
"Sergei Prokofiev","Ronald Bates",3
"Sergei Rachmaninoff","Barbara Matera",1
"Sergei Rachmaninoff","Igor Stravinsky",3
"Sergei Rachmaninoff","Mark Stanley",3
"Sergei Rachmaninoff","Pyotr Ilyich Tchaikovsky",3
"Sergei Rachmaninoff","Santo Loquasto",3
"Sergei Rachmaninoff","Sergei Prokofiev",3
"Sir Arnold Bax","Cecil Beaton",3
"Sir Arnold Bax","Jean Rosenthal",1
"Sir William Walton","Holly Hynes",3
"Sir William Walton","Mark Stanley",3
"Slava Okunev","Slava Okunev",3
"Sophie Menter","Ben Benson",1
"Sophie Menter","Pyotr Ilyich Tchaikovsky",1
"Stan Pressner","Gary Lisz",3
"Stanley Williams","Alain Vaes",3
"Stanley Williams","August Bournonville",3
"Stanley Williams","Ben Benson",3
"Stanley Williams","Edvard Helsted",3
"Stanley Williams","Holger Simon Paulli",3
"Stanley Williams","Mark Stanley",3
"Stanley Williams","Nilas Martins",3
"Stanley Williams","Ronald Bates",3
"Stella McCartney","Katy Tucker",2
"Stella McCartney","Perry Silvey",1
"Stephen Baynes","George Frederic Handel",3
"Stephen Baynes","Holly Hynes",3
"Stephen Baynes","Mark Stanley",3
"Stephen Sondheim","Irene Sharaff",1
"Stephen Sondheim","Jennifer Tipton",1
"Stephen Sondheim","Oliver Smith",3
"Steve Reich","Holly Hynes",3
"Steve Reich","Humberto Leon",3
"Steve Reich","Ines Alda",1
"Steve Reich","Mark Stanley",3
"Steven Rubin","Steven Rubin",3
"Styne","Beowulf Boritt",3
"Styne","Mark Stanley",3
"Styne","Toni-Leslie James",1
"Sufjan Stevens","Brandon Stirling Baker",3
"Sufjan Stevens","Harriet Jung",1
"Sufjan Stevens","Janie Taylor",1
"Sufjan Stevens","Jennifer Tipton",1
"Sufjan Stevens","Justin Peck",3
"Sufjan Stevens","Justin Peck;",3
"Sufjan Stevens","Karl Jensen",3
"Sufjan Stevens","Michael P. Atkinson",3
"Sufjan Stevens","Reid Bartelme",3
"Sufjan Stevens","Timo Andres",3
"Susan Stroman","Billy Strayhorn",1
"Susan Stroman","Duke Ellington",1
"Susan Stroman","Irving Berlin",1
"Susan Stroman","Mark Stanley",1
"Susan Stroman","Robin Wagner",2
"Susan Stroman","Walter Donaldson",1
"Susan Stroman","William Ivey Long",1
"Susan Tammany","Susan Tammany",2
"Tan Dun","Mark Stanley",3
"Tan Dun","Zac Posen",3
"Teiji Ito","David Reppa",3
"Teiji Ito","Jennifer Tipton",1
"Teiji Ito","Jerome Robbins",3
"Teiji Ito","Patricia Zipprodt",1
"Thierry Escaich","Marc Happel",3
"Thierry Escaich","Mark Stanley",3
"Thierry Escaich","Satiago Calatrava",3
"Thom Willems","Gianni Versace",3
"Thom Willems","Mark Stanley",3
"Thomas Adès","Lucy Carter",1
"Thomas Adès","Moritz Junge",3
"Thomas Adès","Wayne McGregor",3
"Thomas Kikta","Jason Wu",3
"Thomas Kikta","Mark Stanley",3
"Thomas Skelton","Joe Eula",3
"Timo Andres","Harriet Jung",1
"Timo Andres","Jennifer Tipton",1
"Timo Andres","Reid Bartelme",3
"Todd Bolender","Alvin Colt",3
"Todd Bolender","André Derain",3
"Todd Bolender","Béla Bartók",3
"Todd Bolender","Claude Debussy",3
"Todd Bolender","Darius Milhaud",3
"Todd Bolender","David Hays",3
"Todd Bolender","Francis Poulenc",3
"Todd Bolender","Francis Poulenc  ",3
"Todd Bolender","Francisco Moncion",3
"Todd Bolender","George Balanchine",3
"Todd Bolender","Igor Stravinsky",3
"Todd Bolender","Jean Rosenthal",1
"Todd Bolender","John Colman",3
"Todd Bolender","John Taras",3
"Todd Bolender","Maurice Ravel",3
"Todd Bolender","Ronald Bates",3
"Todd Bolender","Rouben Ter-Arutunian",3
"Todd Bolender","Samuel Barber",3
"Todd Bolender","Stanley Simmons",3
"Toni Pimble","Antonín Dvořák",1
"Toni Pimble","Holly Hynes",1
"Toni Pimble","Mark Stanley",1
"Toni-Leslie James","Beowulf Boritt",1
"Toshiro Mayuzumi","David Hays",3
"Toshiro Mayuzumi","Karinska",1
"Traditional American melodies","Hershy Kay",1
"Traditional American melodies","Jean Rosenthal",1
"Traditional American melodies","John Boyt",1
"Traditional American melodies","Karinska",1
"Trey McIntyre","Béla Bartók",3
"Trey McIntyre","Holly Hynes",3
"Trey McIntyre","Mark Stanley",3
"Troy Schumacher","Ellis Ludwig-Leone",3
"Troy Schumacher","Jonathan Saunders",3
"Troy Schumacher","Judd Greenstein",3
"Troy Schumacher","Mark Stanley",3
"Troy Schumacher","Marta Marques",1
"Troy Schumacher","Paulo Almeida",3
"Troy Schumacher","Thom Browne",3
"Troy Schumacher","William Walton",3
"Twyla Tharp","Isaac Mizrahi",1
"Twyla Tharp","Jennifer Tipton",2
"Twyla Tharp","Johannes Brahms",1
"Twyla Tharp","Ludwig van Beethoven",1
"Twyla Tharp","Oscar de la Renta",1
"Ulysses Dove","Holly Hynes",3
"Ulysses Dove","Mark Stanley",3
"Ulysses Dove","Michael Torke",3
"Ulysses Dove","Richard Einhorn",3
"Unico Wilhelm Graf van Wassenaer","Mark Stanley",3
"Unico Wilhelm Graf van Wassenaer","William Ivey Long",3
"Valentino","Marc Happel",3
"Van Phillips","George Balanchine",3
"Various","Alain Vaes",1
"Various","Mark Stanley",1
"Various composers","David Hays",1
"Various composers","Esteban Francés",1
"Various composers","Karinska",1
"Vera Zorina","Igor Stravinsky",1
"Vera Zorina","Kermit Love",1
"Vera Zorina","Ronald Bates",1
"Violette Verdy","Alain Vaes",1
"Violette Verdy","Mark Stanley",1
"Violette Verdy","Mary Jeanne Van Appledorn",2
"Virgil Thomson","Dorothea Tanning",1
"Virgil Thomson","Jean Rosenthal",1
"Virgil Thomson","Lincoln Kirstein",3
"Vittorio Rieti","André Levasseur",3
"Vittorio Rieti","David Hays",3
"Vittorio Rieti","Esteban Francés",3
"Vittorio Rieti","Peter Larkin",3
"Walter Donaldson","Mark Stanley",3
"Walter Donaldson","Robin Wagner",1
"Walter Donaldson","William Ivey Long",3
"Warren Carlyle","Beowulf Boritt",3
"Warren Carlyle","Jerome Robbins",3
"Warren Carlyle","Jerry Bock",3
"Warren Carlyle","Leonard Bernstein",3
"Warren Carlyle","Mark Stanley",3
"Warren Carlyle","Morton Gould",3
"Warren Carlyle","Richard Rodgers",3
"Warren Carlyle","Styne",3
"Warren Carlyle","Toni-Leslie James",1
"Wayne McGregor","Lucy Carter",1
"Wayne McGregor","Moritz Junge",3
"Wayne McGregor","Thomas Adès",3
"Wayne McGregor","Wayne McGregor",3
"Willam Christensen","David Hays",3
"Willam Christensen","Igor Stravinsky",3
"Willam Christensen","Lewis Brown",3
"William Byrd","Giles Farnaby",3
"William Byrd","Peter Larkin",3
"William David Brohn","Holly Hynes",3
"William David Brohn","Mark Stanley",3
"William David Brohn","William David Brohn",3
"William Dollar","Antonio Vivaldi",3
"William Dollar","Erno Dohnanyi",3
"William Dollar","Esteban Francés",3
"William Dollar","Horace Armistead",3
"William Forsythe","Barbara Matera",1
"William Forsythe","Cara Perlman",1
"William Forsythe","Gianni Versace",3
"William Forsythe","Leslie Stuck",1
"William Forsythe","Mark Stanley",3
"William Forsythe","Thom Willems",3
"William Forsythe","William Forsythe",3
"William Ivey Long","Robin Wagner",1
"William Walton","Jonathan Saunders",3
"William Walton","Mark Stanley",3
"William Walton","Zuhair Murad",3
"Wolfgang Amadeus Mozart","Barbara Matera",1
"Wolfgang Amadeus Mozart","Christian Bérard",3
"Wolfgang Amadeus Mozart","David Hays",3
"Wolfgang Amadeus Mozart","Holly Hynes",3
"Wolfgang Amadeus Mozart","James Stewart Morcom",3
"Wolfgang Amadeus Mozart","Jean Rosenthal",1
"Wolfgang Amadeus Mozart","Jose Verona",3
"Wolfgang Amadeus Mozart","Karinska",1
"Wolfgang Amadeus Mozart","Mark Stanley",3
"Wolfgang Amadeus Mozart","Pamela Allen Cummings",1
"Wolfgang Amadeus Mozart","Ronald Bates",3
"Wolfgang Amadeus Mozart","Steven Rubin",3
"Woodkid","Marc Happel",3
"Woodkid","Mark Stanley",3
"Wynton Marsalis","Alain Vaes",3
"Wynton Marsalis","Mark Stanley",3
"Yuli Turovsky","Holly Hynes",3
"Yuli Turovsky","Mark Stanley",3
"Yury Khanon","Holly Hynes",1
"Yury Khanon","Mark Stanley",1
"Zoltán Kodály","Ronald Bates",3
"Zoltán Kodály","Stanley Simmons",3
