Source,Target
Charlie,Sam
Charlie,Nina
Charlie,Alice
Charlie,Kevin
Charlie,Helen
Charlie,Paul
Charlie,Grace
Charlie,Frank
Charlie,Rachel
Charlie,Bob
Charlie,Laura
Charlie,Bettany
Charlie,David
Charlie,Tina
Charlie,Eva
Charlie,Jack
Charlie,Michael
Charlie,Quinn
Charlie,Lisa
Charlie,Chad
Charlie,Martin
Charlie,James
Charlie,Julio
Charlie,Anna
Charlie,Alfred
Charlie,Sofia
Charlie,Mason
Charlie,Elizabeth
Charlie,Andrew
Charlie,Anthony
Charlie,Melissa
Charlie,Newt
Charlie,Jules
Charlie,Jackie
Charlie,Leslie
Charlie,Marcela
Charlie,Maggie
Charlie,Nadia
Charlie,Lars
Charlie,Mark
Sam,Nina
Sam,Alice
Sam,Kevin
Sam,Helen
Sam,Paul
Sam,Grace
Sam,Frank
Sam,Rachel
Sam,Bob
Sam,Laura
Sam,Bettany
Sam,David
Sam,Tina
Sam,Eva
Sam,Jack
Sam,Michael
Sam,Quinn
Sam,Lisa
Sam,Chad
Sam,Martin
Sam,James
Sam,Julio
Sam,Anna
Sam,Alfred
Sam,Sofia
Sam,Mason
Sam,Elizabeth
Sam,Andrew
Sam,Anthony
Sam,Melissa
Sam,Newt
Sam,Jules
Sam,Jackie
Sam,Leslie
Sam,Marcela
Sam,Maggie
Sam,Nadia
Sam,Lars
Sam,Mark
Nina,Alice
Nina,Kevin
Nina,Helen
Nina,Paul
Nina,Grace
Nina,Frank
Nina,Rachel
Nina,Bob
Nina,Laura
Nina,Bettany
Nina,David
Nina,Tina
Nina,Eva
Nina,Jack
Nina,Michael
Nina,Quinn
Nina,Lisa
Nina,Chad
Nina,Martin
Nina,James
Nina,Julio
Nina,Anna
Nina,Alfred
Nina,Sofia
Nina,Mason
Nina,Elizabeth
Nina,Andrew
Nina,Anthony
Nina,Melissa
Nina,Newt
Nina,Jules
Nina,Jackie
Nina,Leslie
Nina,Marcela
Nina,Maggie
Nina,Nadia
Nina,Lars
Nina,Mark
Alice,Kevin
Alice,Helen
Alice,Paul
Alice,Grace
Alice,Frank
Alice,Rachel
Alice,Bob
Alice,Laura
Alice,Bettany
Alice,David
Alice,Tina
Alice,Eva
Alice,Jack
Alice,Michael
Alice,Quinn
Alice,Lisa
Alice,Chad
Alice,Martin
Alice,James
Alice,Julio
Alice,Anna
Alice,Alfred
Alice,Sofia
Alice,Mason
Alice,Elizabeth
Alice,Andrew
Alice,Anthony
Alice,Melissa
Alice,Newt
Alice,Jules
Alice,Jackie
Alice,Leslie
Alice,Marcela
Alice,Maggie
Alice,Nadia
Alice,Lars
Alice,Mark
Kevin,Helen
Kevin,Paul
Kevin,Grace
Kevin,Frank
Kevin,Rachel
Kevin,Bob
Kevin,Laura
Kevin,Bettany
Kevin,David
Kevin,Tina
Kevin,Eva
Kevin,Jack
Kevin,Michael
Kevin,Quinn
Kevin,Lisa
Kevin,Chad
Kevin,Martin
Kevin,James
Kevin,Julio
Kevin,Anna
Kevin,Alfred
Kevin,Sofia
Kevin,Mason
Kevin,Elizabeth
Kevin,Andrew
Kevin,Anthony
Kevin,Melissa
Kevin,Newt
Kevin,Jules
Kevin,Jackie
Kevin,Leslie
Kevin,Marcela
Kevin,Maggie
Kevin,Nadia
Kevin,Lars
Kevin,Mark
Helen,Paul
Helen,Grace
Helen,Frank
Helen,Rachel
Helen,Bob
Helen,Laura
Helen,Bettany
Helen,David
Helen,Tina
Helen,Eva
Helen,Jack
Helen,Michael
Helen,Quinn
Helen,Lisa
Helen,Chad
Helen,Martin
Helen,James
Helen,Julio
Helen,Anna
Helen,Alfred
Helen,Sofia
Helen,Mason
Helen,Elizabeth
Helen,Andrew
Helen,Anthony
Helen,Melissa
Helen,Newt
Helen,Jules
Helen,Jackie
Helen,Leslie
Helen,Marcela
Helen,Maggie
Helen,Nadia
Helen,Lars
Helen,Mark
Paul,Grace
Paul,Frank
Paul,Rachel
Paul,Bob
Paul,Laura
Paul,Bettany
Paul,David
Paul,Tina
Paul,Eva
Paul,Jack
Paul,Michael
Paul,Quinn
Paul,Lisa
Paul,Chad
Paul,Martin
Paul,James
Paul,Julio
Paul,Anna
Paul,Alfred
Paul,Sofia
Paul,Mason
Paul,Elizabeth
Paul,Andrew
Paul,Anthony
Paul,Melissa
Paul,Newt
Paul,Jules
Paul,Jackie
Paul,Leslie
Paul,Marcela
Paul,Maggie
Paul,Nadia
Paul,Lars
Paul,Mark
Grace,Frank
Grace,Rachel
Grace,Bob
Grace,Laura
Grace,Bettany
Grace,David
Grace,Tina
Grace,Eva
Grace,Jack
Grace,Michael
Grace,Quinn
Grace,Lisa
Grace,Chad
Grace,Martin
Grace,James
Grace,Julio
Grace,Anna
Grace,Alfred
Grace,Sofia
Grace,Mason
Grace,Elizabeth
Grace,Andrew
Grace,Anthony
Grace,Melissa
Grace,Newt
Grace,Jules
Grace,Jackie
Grace,Leslie
Grace,Marcela
Grace,Maggie
Grace,Nadia
Grace,Lars
Grace,Mark
Frank,Rachel
Frank,Bob
Frank,Laura
Frank,Bettany
Frank,David
Frank,Tina
Frank,Eva
Frank,Jack
Frank,Michael
Frank,Quinn
Frank,Lisa
Frank,Chad
Frank,Martin
Frank,James
Frank,Julio
Frank,Anna
Frank,Alfred
Frank,Sofia
Frank,Mason
Frank,Elizabeth
Frank,Andrew
Frank,Anthony
Frank,Melissa
Frank,Newt
Frank,Jules
Frank,Jackie
Frank,Leslie
Frank,Marcela
Frank,Maggie
Frank,Nadia
Frank,Lars
Frank,Mark
Rachel,Bob
Rachel,Laura
Rachel,Bettany
Rachel,David
Rachel,Tina
Rachel,Eva
Rachel,Jack
Rachel,Michael
Rachel,Quinn
Rachel,Lisa
Rachel,Chad
Rachel,Martin
Rachel,James
Rachel,Julio
Rachel,Anna
Rachel,Alfred
Rachel,Sofia
Rachel,Mason
Rachel,Elizabeth
Rachel,Andrew
Rachel,Anthony
Rachel,Melissa
Rachel,Newt
Rachel,Jules
Rachel,Jackie
Rachel,Leslie
Rachel,Marcela
Rachel,Maggie
Rachel,Nadia
Rachel,Lars
Rachel,Mark
Bob,Laura
Bob,Bettany
Bob,David
Bob,Tina
Bob,Eva
Bob,Jack
Bob,Michael
Bob,Quinn
Bob,Lisa
Bob,Chad
Bob,Martin
Bob,James
Bob,Julio
Bob,Anna
Bob,Alfred
Bob,Sofia
Bob,Mason
Bob,Elizabeth
Bob,Andrew
Bob,Anthony
Bob,Melissa
Bob,Newt
Bob,Jules
Bob,Jackie
Bob,Leslie
Bob,Marcela
Bob,Maggie
Bob,Nadia
Bob,Lars
Bob,Mark
Laura,Bettany
Laura,David
Laura,Tina
Laura,Eva
Laura,Jack
Laura,Michael
Laura,Quinn
Laura,Lisa
Laura,Chad
Laura,Martin
Laura,James
Laura,Julio
Laura,Anna
Laura,Alfred
Laura,Sofia
Laura,Mason
Laura,Elizabeth
Laura,Andrew
Laura,Anthony
Laura,Melissa
Laura,Newt
Laura,Jules
Laura,Jackie
Laura,Leslie
Laura,Marcela
Laura,Maggie
Laura,Nadia
Laura,Lars
Laura,Mark
Bettany,David
Bettany,Tina
Bettany,Eva
Bettany,Jack
Bettany,Michael
Bettany,Quinn
Bettany,Lisa
Bettany,Chad
Bettany,Martin
Bettany,James
Bettany,Julio
Bettany,Anna
Bettany,Alfred
Bettany,Sofia
Bettany,Mason
Bettany,Elizabeth
Bettany,Andrew
Bettany,Anthony
Bettany,Melissa
Bettany,Newt
Bettany,Jules
Bettany,Jackie
Bettany,Leslie
Bettany,Marcela
Bettany,Maggie
Bettany,Nadia
Bettany,Lars
Bettany,Mark
David,Tina
David,Eva
David,Jack
David,Michael
David,Quinn
David,Lisa
David,Chad
David,Martin
David,James
David,Julio
David,Anna
David,Alfred
David,Sofia
David,Mason
David,Elizabeth
David,Andrew
David,Anthony
David,Melissa
David,Newt
David,Jules
David,Jackie
David,Leslie
David,Marcela
David,Maggie
David,Nadia
David,Lars
David,Mark
Tina,Eva
Tina,Jack
Tina,Michael
Tina,Quinn
Tina,Lisa
Tina,Chad
Tina,Martin
Tina,James
Tina,Julio
Tina,Anna
Tina,Alfred
Tina,Sofia
Tina,Mason
Tina,Elizabeth
Tina,Andrew
Tina,Anthony
Tina,Melissa
Tina,Newt
Tina,Jules
Tina,Jackie
Tina,Leslie
Tina,Marcela
Tina,Maggie
Tina,Nadia
Tina,Lars
Tina,Mark
Eva,Jack
Eva,Michael
Eva,Quinn
Eva,Lisa
Eva,Chad
Eva,Martin
Eva,James
Eva,Julio
Eva,Anna
Eva,Alfred
Eva,Sofia
Eva,Mason
Eva,Elizabeth
Eva,Andrew
Eva,Anthony
Eva,Melissa
Eva,Newt
Eva,Jules
Eva,Jackie
Eva,Leslie
Eva,Marcela
Eva,Maggie
Eva,Nadia
Eva,Lars
Eva,Mark
Jack,Michael
Jack,Quinn
Jack,Lisa
Jack,Chad
Jack,Martin
Jack,James
Jack,Julio
Jack,Anna
Jack,Alfred
Jack,Sofia
Jack,Mason
Jack,Elizabeth
Jack,Andrew
Jack,Anthony
Jack,Melissa
Jack,Newt
Jack,Jules
Jack,Jackie
Jack,Leslie
Jack,Marcela
Jack,Maggie
Jack,Nadia
Jack,Lars
Jack,Mark
Michael,Quinn
Michael,Lisa
Michael,Chad
Michael,Martin
Michael,James
Michael,Julio
Michael,Anna
Michael,Alfred
Michael,Sofia
Michael,Mason
Michael,Elizabeth
Michael,Andrew
Michael,Anthony
Michael,Melissa
Michael,Newt
Michael,Jules
Michael,Jackie
Michael,Leslie
Michael,Marcela
Michael,Maggie
Michael,Nadia
Michael,Lars
Michael,Mark
Quinn,Lisa
Quinn,Chad
Quinn,Martin
Quinn,James
Quinn,Julio
Quinn,Anna
Quinn,Alfred
Quinn,Sofia
Quinn,Mason
Quinn,Elizabeth
Quinn,Andrew
Quinn,Anthony
Quinn,Melissa
Quinn,Newt
Quinn,Jules
Quinn,Jackie
Quinn,Leslie
Quinn,Marcela
Quinn,Maggie
Quinn,Nadia
Quinn,Lars
Quinn,Mark
Lisa,Chad
Lisa,Martin
Lisa,James
Lisa,Julio
Lisa,Anna
Lisa,Alfred
Lisa,Sofia
Lisa,Mason
Lisa,Elizabeth
Lisa,Andrew
Lisa,Anthony
Lisa,Melissa
Lisa,Newt
Lisa,Jules
Lisa,Jackie
Lisa,Leslie
Lisa,Marcela
Lisa,Maggie
Lisa,Nadia
Lisa,Lars
Lisa,Mark
Chad,Martin
Chad,James
Chad,Julio
Chad,Anna
Chad,Alfred
Chad,Sofia
Chad,Mason
Chad,Elizabeth
Chad,Andrew
Chad,Anthony
Chad,Melissa
Chad,Newt
Chad,Jules
Chad,Jackie
Chad,Leslie
Chad,Marcela
Chad,Maggie
Chad,Nadia
Chad,Lars
Chad,Mark
Martin,James
Martin,Julio
Martin,Anna
Martin,Alfred
Martin,Sofia
Martin,Mason
Martin,Elizabeth
Martin,Andrew
Martin,Anthony
Martin,Melissa
Martin,Newt
Martin,Jules
Martin,Jackie
Martin,Leslie
Martin,Marcela
Martin,Maggie
Martin,Nadia
Martin,Lars
Martin,Mark
James,Julio
James,Anna
James,Alfred
James,Sofia
James,Mason
James,Elizabeth
James,Andrew
James,Anthony
James,Melissa
James,Newt
James,Jules
James,Jackie
James,Leslie
James,Marcela
James,Maggie
James,Nadia
James,Lars
James,Mark
Julio,Anna
Julio,Alfred
Julio,Sofia
Julio,Mason
Julio,Elizabeth
Julio,Andrew
Julio,Anthony
Julio,Melissa
Julio,Newt
Julio,Jules
Julio,Jackie
Julio,Leslie
Julio,Marcela
Julio,Maggie
Julio,Nadia
Julio,Lars
Julio,Mark
Anna,Alfred
Anna,Sofia
Anna,Mason
Anna,Elizabeth
Anna,Andrew
Anna,Anthony
Anna,Melissa
Anna,Newt
Anna,Jules
Anna,Jackie
Anna,Leslie
Anna,Marcela
Anna,Maggie
Anna,Nadia
Anna,Lars
Anna,Mark
Alfred,Sofia
Alfred,Mason
Alfred,Elizabeth
Alfred,Andrew
Alfred,Anthony
Alfred,Melissa
Alfred,Newt
Alfred,Jules
Alfred,Jackie
Alfred,Leslie
Alfred,Marcela
Alfred,Maggie
Alfred,Nadia
Alfred,Lars
Alfred,Mark
Sofia,Mason
Sofia,Elizabeth
Sofia,Andrew
Sofia,Anthony
Sofia,Melissa
Sofia,Newt
Sofia,Jules
Sofia,Jackie
Sofia,Leslie
Sofia,Marcela
Sofia,Maggie
Sofia,Nadia
Sofia,Lars
Sofia,Mark
Mason,Elizabeth
Mason,Andrew
Mason,Anthony
Mason,Melissa
Mason,Newt
Mason,Jules
Mason,Jackie
Mason,Leslie
Mason,Marcela
Mason,Maggie
Mason,Nadia
Mason,Lars
Mason,Mark
Elizabeth,Andrew
Elizabeth,Anthony
Elizabeth,Melissa
Elizabeth,Newt
Elizabeth,Jules
Elizabeth,Jackie
Elizabeth,Leslie
Elizabeth,Marcela
Elizabeth,Maggie
Elizabeth,Nadia
Elizabeth,Lars
Elizabeth,Mark
Andrew,Anthony
Andrew,Melissa
Andrew,Newt
Andrew,Jules
Andrew,Jackie
Andrew,Leslie
Andrew,Marcela
Andrew,Maggie
Andrew,Nadia
Andrew,Lars
Andrew,Mark
Anthony,Melissa
Anthony,Newt
Anthony,Jules
Anthony,Jackie
Anthony,Leslie
Anthony,Marcela
Anthony,Maggie
Anthony,Nadia
Anthony,Lars
Anthony,Mark
Melissa,Newt
Melissa,Jules
Melissa,Jackie
Melissa,Leslie
Melissa,Marcela
Melissa,Maggie
Melissa,Nadia
Melissa,Lars
Melissa,Mark
Newt,Jules
Newt,Jackie
Newt,Leslie
Newt,Marcela
Newt,Maggie
Newt,Nadia
Newt,Lars
Newt,Mark
Jules,Jackie
Jules,Leslie
Jules,Marcela
Jules,Maggie
Jules,Nadia
Jules,Lars
Jules,Mark
Jackie,Leslie
Jackie,Marcela
Jackie,Maggie
Jackie,Nadia
Jackie,Lars
Jackie,Mark
Leslie,Marcela
Leslie,Maggie
Leslie,Nadia
Leslie,Lars
Leslie,Mark
Marcela,Maggie
Marcela,Nadia
Marcela,Lars
Marcela,Mark
Maggie,Nadia
Maggie,Lars
Maggie,Mark
Nadia,Lars
Nadia,Mark
Lars,Mark
Grace,Ronald
Grace,Nina
Grace,Alice
Grace,Ivy
Grace,Sam
Grace,Alan
Grace,Paul
Grace,Helen
Grace,Rose
Grace,Mike
Grace,Dasha
Grace,Veronica
Grace,Harry
Grace,Louis
Grace,Sarah
Grace,Paula
Grace,Ted
Grace,Arthur
Grace,Robert
Ronald,Bob
Ronald,Nina
Ronald,Laura
Ronald,Alice
Ronald,Rachel
Ronald,Ivy
Ronald,Sam
Ronald,Michael
Ronald,Jack
Ronald,Alan
Ronald,Tina
Ronald,Quinn
Ronald,Paul
Ronald,Helen
Ronald,Frank
Ronald,Chad
Ronald,Rose
Ronald,Mason
Ronald,Mike
Ronald,Anthony
Ronald,Dasha
Ronald,Veronica
Ronald,Harry
Ronald,Louis
Ronald,Sarah
Ronald,Paula
Ronald,Ted
Ronald,Arthur
Ronald,Robert
Bob,Nina
Bob,Alice
Bob,Rachel
Bob,Ivy
Bob,Sam
Bob,Alan
Bob,Paul
Bob,Helen
Bob,Frank
Bob,Rose
Bob,Mike
Bob,Dasha
Bob,Veronica
Bob,Harry
Bob,Louis
Bob,Sarah
Bob,Paula
Bob,Ted
Bob,Arthur
Bob,Robert
Nina,Ivy
Nina,Sam
Nina,Alan
Nina,Rose
Nina,Mike
Nina,Dasha
Nina,Veronica
Nina,Harry
Nina,Louis
Nina,Sarah
Nina,Paula
Nina,Ted
Nina,Arthur
Nina,Robert
Laura,Alice
Laura,Rachel
Laura,Ivy
Laura,Sam
Laura,Alan
Laura,Paul
Laura,Helen
Laura,Frank
Laura,Rose
Laura,Mike
Laura,Dasha
Laura,Veronica
Laura,Harry
Laura,Louis
Laura,Sarah
Laura,Paula
Laura,Ted
Laura,Arthur
Laura,Robert
Alice,Ivy
Alice,Sam
Alice,Alan
Alice,Rose
Alice,Mike
Alice,Dasha
Alice,Veronica
Alice,Harry
Alice,Louis
Alice,Sarah
Alice,Paula
Alice,Ted
Alice,Arthur
Alice,Robert
Rachel,Ivy
Rachel,Sam
Rachel,Alan
Rachel,Paul
Rachel,Helen
Rachel,Frank
Rachel,Rose
Rachel,Mike
Rachel,Dasha
Rachel,Veronica
Rachel,Harry
Rachel,Louis
Rachel,Sarah
Rachel,Paula
Rachel,Ted
Rachel,Arthur
Rachel,Robert
Ivy,Sam
Ivy,Michael
Ivy,Jack
Ivy,Alan
Ivy,Tina
Ivy,Quinn
Ivy,Paul
Ivy,Helen
Ivy,Frank
Ivy,Chad
Ivy,Rose
Ivy,Mason
Ivy,Mike
Ivy,Anthony
Ivy,Dasha
Ivy,Veronica
Ivy,Harry
Ivy,Louis
Ivy,Sarah
Ivy,Paula
Ivy,Ted
Ivy,Arthur
Ivy,Robert
Sam,Alan
Sam,Rose
Sam,Mike
Sam,Dasha
Sam,Veronica
Sam,Harry
Sam,Louis
Sam,Sarah
Sam,Paula
Sam,Ted
Sam,Arthur
Sam,Robert
Michael,Jack
Michael,Alan
Michael,Tina
Michael,Paul
Michael,Helen
Michael,Frank
Michael,Rose
Michael,Mike
Michael,Dasha
Michael,Veronica
Michael,Harry
Michael,Louis
Michael,Sarah
Michael,Paula
Michael,Ted
Michael,Arthur
Michael,Robert
Jack,Alan
Jack,Tina
Jack,Paul
Jack,Helen
Jack,Frank
Jack,Rose
Jack,Mike
Jack,Dasha
Jack,Veronica
Jack,Harry
Jack,Louis
Jack,Sarah
Jack,Paula
Jack,Ted
Jack,Arthur
Jack,Robert
Alan,Tina
Alan,Quinn
Alan,Paul
Alan,Helen
Alan,Frank
Alan,Chad
Alan,Rose
Alan,Mason
Alan,Mike
Alan,Anthony
Alan,Dasha
Alan,Veronica
Alan,Harry
Alan,Louis
Alan,Sarah
Alan,Paula
Alan,Ted
Alan,Arthur
Alan,Robert
Tina,Paul
Tina,Helen
Tina,Frank
Tina,Rose
Tina,Mike
Tina,Dasha
Tina,Veronica
Tina,Harry
Tina,Louis
Tina,Sarah
Tina,Paula
Tina,Ted
Tina,Arthur
Tina,Robert
Quinn,Paul
Quinn,Helen
Quinn,Frank
Quinn,Rose
Quinn,Mike
Quinn,Dasha
Quinn,Veronica
Quinn,Harry
Quinn,Louis
Quinn,Sarah
Quinn,Paula
Quinn,Ted
Quinn,Arthur
Quinn,Robert
Paul,Helen
Paul,Rose
Paul,Mike
Paul,Dasha
Paul,Veronica
Paul,Harry
Paul,Louis
Paul,Sarah
Paul,Paula
Paul,Ted
Paul,Arthur
Paul,Robert
Helen,Rose
Helen,Mike
Helen,Dasha
Helen,Veronica
Helen,Harry
Helen,Louis
Helen,Sarah
Helen,Paula
Helen,Ted
Helen,Arthur
Helen,Robert
Frank,Rose
Frank,Mike
Frank,Dasha
Frank,Veronica
Frank,Harry
Frank,Louis
Frank,Sarah
Frank,Paula
Frank,Ted
Frank,Arthur
Frank,Robert
Chad,Rose
Chad,Mike
Chad,Dasha
Chad,Veronica
Chad,Harry
Chad,Louis
Chad,Sarah
Chad,Paula
Chad,Ted
Chad,Arthur
Chad,Robert
Rose,Mason
Rose,Mike
Rose,Anthony
Rose,Dasha
Rose,Veronica
Rose,Harry
Rose,Louis
Rose,Sarah
Rose,Paula
Rose,Ted
Rose,Arthur
Rose,Robert
Mason,Mike
Mason,Dasha
Mason,Veronica
Mason,Harry
Mason,Louis
Mason,Sarah
Mason,Paula
Mason,Ted
Mason,Arthur
Mason,Robert
Mike,Anthony
Mike,Dasha
Mike,Veronica
Mike,Harry
Mike,Louis
Mike,Sarah
Mike,Paula
Mike,Ted
Mike,Arthur
Mike,Robert
Anthony,Dasha
Anthony,Veronica
Anthony,Harry
Anthony,Louis
Anthony,Sarah
Anthony,Paula
Anthony,Ted
Anthony,Arthur
Anthony,Robert
Dasha,Veronica
Dasha,Harry
Dasha,Louis
Dasha,Sarah
Dasha,Paula
Dasha,Ted
Dasha,Arthur
Dasha,Robert
Veronica,Harry
Veronica,Louis
Veronica,Sarah
Veronica,Paula
Veronica,Ted
Veronica,Arthur
Veronica,Robert
Harry,Louis
Harry,Sarah
Harry,Paula
Harry,Ted
Harry,Arthur
Harry,Robert
Louis,Sarah
Louis,Paula
Louis,Ted
Louis,Arthur
Louis,Robert
Sarah,Paula
Sarah,Ted
Sarah,Arthur
Sarah,Robert
Paula,Ted
Paula,Arthur
Paula,Robert
Ted,Arthur
Ted,Robert
Arthur,Robert
Frank,Oliver
Frank,Sam
Frank,Paul
Frank,Charlie
Frank,Grace
Frank,Helen
Frank,Alice
Frank,Nina
Frank,Kevin
David,Oliver
David,Sam
David,Paul
David,Charlie
David,Grace
David,Helen
David,Alice
David,Rachel
David,Nina
David,Laura
David,Bob
David,Kevin
Oliver,Quinn
Oliver,Sam
Oliver,Jack
Oliver,Paul
Oliver,Charlie
Oliver,Grace
Oliver,Helen
Oliver,Alice
Oliver,Rachel
Oliver,Nina
Oliver,Laura
Oliver,Michael
Oliver,Bob
Oliver,Eva
Oliver,Tina
Oliver,Kevin
Oliver,James
Oliver,Sofia
Oliver,Anthony
Oliver,Marcela
Oliver,Andrew
Oliver,Jules
Oliver,Melissa
Quinn,Sam
Quinn,Jack
Quinn,Charlie
Quinn,Grace
Quinn,Alice
Quinn,Rachel
Quinn,Nina
Quinn,Laura
Quinn,Michael
Quinn,Bob
Quinn,Eva
Quinn,Tina
Quinn,Kevin
Sam,Charlie
Jack,Charlie
Jack,Grace
Jack,Alice
Jack,Rachel
Jack,Nina
Jack,Laura
Jack,Bob
Jack,Eva
Jack,Kevin
Paul,Charlie
Paul,Alice
Paul,Nina
Paul,Kevin
Grace,Kevin
Helen,Alice
Helen,Nina
Helen,Kevin
Alice,Nina
Rachel,Nina
Rachel,Kevin
Laura,Bob
Laura,Kevin
Michael,Bob
Michael,Eva
Michael,Kevin
Bob,Kevin
Eva,Tina
Eva,Kevin
Tina,Kevin
Anthony,Andrew
Marcela,Andrew
Marcela,Jules
Marcela,Melissa
Jules,Melissa
Quinn,David
Bob,Grace
Rachel,Alice
Rachel,Grace
Nadia,Sam
Nadia,Tina
Nadia,Jack
Nadia,Paul
Nadia,Grace
Nadia,Helen
Nadia,Nina
Nadia,Lisa
Nadia,Anna
Nadia,Jackie
Nadia,Anthony
Nadia,Jules
Nadia,Leslie
Nadia,Maggie
Nadia,Andrew
Tina,Grace
Tina,Nina
Jackie,Anthony
Jackie,Jules
Jackie,Andrew
Jules,Andrew
Leslie,Andrew
Maggie,Andrew
Oliver,David
Oliver,Frank
Oliver,Elizabeth
Oliver,Julio
Oliver,Mason
Oliver,Jackie
Oliver,Giovanny
Nina,Charlie
Nina,Giovanny
Helen,Charlie
Helen,Sam
Helen,Giovanny
Quinn,Giovanny
Jack,David
Jack,Sam
Jack,Giovanny
Charlie,Giovanny
Paul,Sam
Paul,Giovanny
Laura,Grace
Laura,Giovanny
David,Frank
David,Giovanny
Alice,Giovanny
Bob,Giovanny
Frank,Giovanny
Eva,Rachel
Eva,Grace
Eva,Sam
Eva,Giovanny
Michael,Rachel
Michael,Grace
Michael,Sam
Michael,Giovanny
Tina,Rachel
Tina,Sam
Tina,Giovanny
Rachel,Giovanny
Kevin,Sam
Kevin,Giovanny
Grace,Giovanny
Elizabeth,Sam
Elizabeth,Julio
Elizabeth,Sofia
Elizabeth,Mason
Elizabeth,Giovanny
Sam,Giovanny
Julio,Giovanny
Sofia,Giovanny
Mason,Giovanny
Andrew,Giovanny
Jackie,Giovanny
Marcela,Giovanny
Jules,Giovanny
Nadia,Kevin
Nadia,Rachel
Nadia,Frank
Nadia,David
Nadia,Alice
Nadia,Laura
Nadia,Eva
Nadia,Michael
Nadia,Bob
Nadia,Chad
Nadia,Martin
Kevin,Alice
Kevin,Nina
Laura,Nina
Eva,Helen
Eva,Nina
Eva,Bob
Michael,Nina
Eva,Frank
Ivy,Kevin
Ivy,Eva
Ivy,Ronald
Quinn,Ronald
Quinn,Alan
Kevin,Sarah
Kevin,Ronald
Kevin,Alan
Eva,Sarah
Eva,Ronald
Eva,Alan
Sarah,Ronald
Sarah,Alan
Rachel,Ronald
Rachel,Rita
Rachel,Matilda
Laura,Ronald
Laura,Rita
Laura,Matilda
Sam,Ivy
Sam,Ronald
Sam,Rita
Sam,Matilda
Michael,Alice
Michael,Ivy
Michael,Ronald
Michael,Rita
Michael,Matilda
Alice,Ronald
Alice,Rita
Alice,Matilda
Nina,Ronald
Nina,Rita
Nina,Matilda
Ivy,Martin
Ivy,Rita
Ivy,Matilda
Martin,Ronald
Martin,Rose
Martin,Rita
Martin,Louis
Martin,Sarah
Martin,Ted
Martin,Arthur
Martin,Matilda
Ronald,Rita
Ronald,Matilda
Rose,Rita
Rose,Matilda
Rita,Louis
Rita,Sarah
Rita,Ted
Rita,Arthur
Rita,Matilda
Louis,Matilda
Sarah,Matilda
Ted,Matilda
Arthur,Matilda
Michael,Laura
Tina,Ivy
Tina,Bob
Tina,Laura
Tina,Alice
Tina,Rita
Ivy,Rachel
Ivy,Leslie
Ivy,Bob
Ivy,Nina
Ivy,Laura
Ivy,Grace
Ivy,Alice
Frank,Rita
Quinn,Rita
Leslie,Bob
Leslie,Mike
Leslie,Nina
Leslie,Laura
Leslie,Paula
Leslie,Grace
Leslie,Kevin
Leslie,Jack
Leslie,Alice
Leslie,Sam
Leslie,Helen
Leslie,Rita
Bob,Rita
Mike,Nina
Mike,Laura
Mike,Grace
Mike,Kevin
Mike,Jack
Mike,Alice
Mike,Sam
Mike,Helen
Mike,Rita
Paula,Grace
Paula,Kevin
Paula,Jack
Paula,Alice
Paula,Sam
Paula,Helen
Paula,Rita
Grace,Rita
Kevin,Rita
Jack,Rita
Helen,Rita
