Variant1,Variant2,Variant3,Variant4,Variant5,Variant6,Variant7,Variant8,Variant9,Variant10
Charlie,Frank,Quinn,Oliver,Charlie,Helen,Grace,Rachel,Michael,Grace
Sam,David,David,Nina,Nadia,Bob,Ivy,Laura,Tina,Ronald
Nina,Oliver,Charlie,Helen,Paul,Eva,Quinn,Sam,Ivy,Bob
Alice,Quinn,Bob,Quinn,Sam,Jack,Kevin,Michael,Frank,Nina
Kevin,Sam,Rachel,Jack,Kevin,Frank,Eva,Alice,Quinn,Laura
Helen,Jack,Alice,Charlie,Rachel,Martin,Sarah,Nina,Rachel,Alice
Paul,Paul,Nadia,Paul,Frank,Julio,Ronald,Ivy,Leslie,Rachel
Grace,Charlie,Sam,Laura,David,Sofia,Alan,Martin,Bob,Ivy
Frank,Grace,Tina,David,Alice,Maggie,,Ronald,Mike,Sam
Rachel,Helen,Jack,Alice,Laura,,,Rose,Nina,Michael
Bob,Alice,Paul,Bob,Eva,,,Rita,Laura,Jack
Laura,Rachel,Grace,Frank,Michael,,,Louis,Paula,Alan
Bettany,Nina,Helen,Eva,Helen,,,Sarah,Grace,Tina
David,Laura,Nina,Michael,Jack,,,Ted,Kevin,Quinn
Tina,Michael,Lisa,Tina,Nina,,,Arthur,Jack,Paul
Eva,Bob,Anna,Rachel,Bob,,,Matilda,Alice,Helen
Jack,Eva,Jackie,Kevin,Lisa,,,,Sam,Frank
Michael,Tina,Anthony,Grace,Chad,,,,Helen,Chad
Quinn,Kevin,Jules,Elizabeth,Martin,,,,Rita,Rose
Lisa,James,Leslie,Sam,Andrew,,,,,Mason
Chad,Sofia,Maggie,Julio,Jackie,,,,,Mike
Martin,Anthony,Andrew,Sofia,,,,,,Anthony
James,Marcela,,Mason,,,,,,Dasha
Julio,Andrew,,Andrew,,,,,,Veronica
Anna,Jules,,Jackie,,,,,,Harry
Alfred,Melissa,,Marcela,,,,,,Louis
Sofia,,,Jules,,,,,,Sarah
Mason,,,Giovanny,,,,,,Paula
Elizabeth,,,,,,,,,Ted
Andrew,,,,,,,,,Arthur
Anthony,,,,,,,,,Robert
Melissa,,,,,,,,,
Newt,,,,,,,,,
Jules,,,,,,,,,
Jackie,,,,,,,,,
Leslie,,,,,,,,,
Marcela,,,,,,,,,
Maggie,,,,,,,,,
Nadia,,,,,,,,,
Lars,,,,,,,,,
Mark,,,,,,,,,